"nflId","mean","n_routes","position_RB","position_TE","position_WR","weight","X40yd","X3Cone","Shuttle","total_inches"
30842,0.858471861471861,46,0,1,0,1.99378137321947,1.6871323439675,0.960572204031641,3.35003756622124,1.84898736365075
37077,0.675822704961705,168,0,0,1,-0.164481636367573,-0.565252602183431,-0.552193343278076,-0.483410904216627,1.15411794827218
37079,0.674590534486659,81,0,0,1,0.224005705358094,-1.55067101612447,-1.69822784881574,-0.23203723402398,0.806683240582886
37101,0.970993333333333,63,1,0,0,0.00817940439938984,0.4201658117576,0.456317021595067,2.093169215258,-1.27792500555285
37139,0.786635040885041,117,0,0,1,-1.02778684020239,-0.706026661317868,0.227110120487535,0.333553523909475,-0.930490297863559
38696,0.651306832461286,227,0,0,1,-0.682464758668463,-0.706026661317868,-1.01060714549314,-1.11184507969824,0.459248532893597
39212,0.815878640873016,41,1,0,0,0.310336225741575,-0.0725433952129187,-0.322986442170544,0.961987699391095,-0.58305559017427
39975,0.956376984126984,48,1,0,0,0.0513446645911306,-0.987574779586734,-0.643876103721091,-1.36321874989089,0.459248532893597
39983,0.696152486371653,314,0,1,0,1.47579825091858,1.40558422569863,0.227110120487535,1.15051795203558,1.50155265596146
39989,0.705708661646995,148,0,0,1,-0.596134238284981,-0.354091513481786,0.547999782038082,1.15051795203558,-0.235620882484981
40011,0.734442535463669,279,0,1,0,1.73478981206902,0.490552841324815,1.87739980846177,1.15051795203558,1.50155265596146
40024,0.770411522921523,24,0,0,1,-0.380307937326277,0.138617693488733,-1.19397266637917,-0.29488065157214,0.459248532893597
40026,0.699705965394394,102,0,0,1,-1.37310892173632,-2.04338022309499,-0.643876103721091,-0.92331482705376,-1.27792500555285
40138,0.958086470588235,111,1,0,0,-0.034985855792351,1.19442313699699,-0.827241624607117,-1.23753191479457,-0.930490297863559
41230,0.785264161191542,118,0,0,1,-0.164481636367573,-0.917187750019519,-0.368827822392049,0.333553523909475,0.111813825204308
41233,0.605929993150924,300,0,0,1,0.698823567467243,-0.213317454347349,0.227110120487535,-0.169193816475819,1.50155265596146
41246,0.774719812310314,214,0,0,1,-1.11411736058587,-1.62105804569168,-1.23981404660068,-2.99714760614309,-0.930490297863559
41282,0.735389593101343,282,0,0,1,-0.121316376175833,-0.0021563656457036,-0.964765765271634,0.0821798537168276,0.111813825204308
41290,0.778901354949194,279,0,0,1,0.224005705358094,0.279391752623163,-0.139620921284518,-1.80312267272802,0.806683240582886
41292,0.714143321212121,95,0,0,1,-0.423473197518018,0.631326900459251,0.547999782038082,1.52757845732455,-0.58305559017427
41325,0.828736415791616,158,1,0,0,-0.250812156751055,-1.05796180915395,-0.918924385050129,-1.04900166215008,-1.27792500555285
41327,0.383690909090909,15,0,1,0,1.8211203324525,2.17984155093802,0.914730823810135,1.15051795203558,1.15411794827218
41712,1,5,1,0,0,-0.768795279051944,-0.28370448391457,-1.10228990593615,-0.29488065157214,0.111813825204308
41712,1,5,1,0,0,0.310336225741575,-0.776413690885083,1.55651014691123,-0.23203723402398,-0.58305559017427
42347,0.648234185389893,229,0,0,1,-0.164481636367573,-0.987574779586734,-1.46902094770821,-1.92880950782435,0.111813825204308
42357,0.730417747034858,182,0,0,1,-0.250812156751055,-0.776413690885083,-0.598034723499581,0.836300864294768,0.806683240582886
42358,1,98,1,0,0,0.00817940439938984,-0.28370448391457,0.0437445996015089,-1.36321874989089,0.111813825204308
42363,0.730110301328301,115,0,0,1,-0.725630018860204,-0.987574779586734,-0.918924385050129,-0.420567486668466,-0.235620882484981
42372,0.867836111111111,84,0,0,1,-1.28677840135283,-1.62105804569168,-1.51486232792971,-1.11184507969824,-0.930490297863559
42397,0.62295038961039,43,1,0,0,-0.423473197518018,0.279391752623163,-1.10228990593615,-2.11733976046883,-1.27792500555285
42398,0.742227272727273,6,0,1,0,1.47579825091858,1.54635828483307,1.23562048536068,0.522083776553961,1.15411794827218
42412,0.773575057788569,229,0,0,1,-1.41627418192806,-1.12834883872116,-0.643876103721091,-1.36321874989089,-0.930490297863559
42419,0.798510564263323,19,0,0,1,-0.0781511159840917,-1.48028398655725,0.13542736004452,0.0821798537168276,0.459248532893597
42428,0.848506909090909,22,0,1,0,1.34630247034335,1.33519719613142,-0.139620921284518,0.522083776553961,1.50155265596146
42437,0.949751866028708,12,0,0,1,0.267170965549835,-0.0725433952129187,-0.277145061949038,-0.483410904216627,-0.235620882484981
42448,0.813505004201681,64,0,0,1,-1.28677840135283,-0.0021563656457036,0.639682542481094,0.207866688813154,-1.62535971324214
42469,1,9,1,0,0,-0.768795279051944,-0.28370448391457,-0.689717483942597,-0.23203723402398,-0.235620882484981
42469,1,9,1,0,0,0.0945099247828714,0.349778782190385,-0.139620921284518,-0.671941156861113,-1.27792500555285
42489,0.779107632516606,242,0,0,1,-0.855125799435426,-0.706026661317868,-0.00209678061999669,0.207866688813154,-0.235620882484981
42503,0.5435,7,0,1,0,1.99378137321947,1.89829343266915,2.28997223045533,1.33904820468006,2.19642207134004
42547,0.728115610556205,134,0,1,0,1.00098038880943,-0.706026661317868,0.18126874026603,-0.23203723402398,1.84898736365075
42721,0.59254595959596,39,0,1,0,2.08011189360295,2.9540988761774,1.96908256890478,1.59042187487271,1.84898736365075
43293,0.993190476190476,94,1,0,0,0.439832006316798,-0.635639631750652,-0.50635196305657,0.710614029198448,-0.235620882484981
43324,0.822514397305593,186,0,1,0,1.51896351111032,1.61674531440028,-0.827241624607117,0.207866688813154,1.50155265596146
43329,0.75472777222275,80,0,0,1,-0.898291059627167,-0.565252602183431,-0.139620921284518,0.396396941457635,-0.930490297863559
43334,0.948271983471074,71,1,0,0,1.3894677305351,-0.142930424780134,0.777206683145614,0.584927194102121,0.806683240582886
43336,0.60404238681072,95,0,0,1,-0.121316376175833,0.0682306639215178,-1.05644852571465,-0.98615824460192,0.806683240582886
43344,0.752628043327812,309,0,0,1,-0.768795279051944,0.138617693488733,-0.598034723499581,0.396396941457635,0.111813825204308
43362,0.998131282051282,79,1,0,0,-0.207646896559314,-0.776413690885083,0.0437445996015089,-0.483410904216627,0.111813825204308
43370,0.707246232180518,103,0,1,0,1.69162455187728,1.12403610742976,-0.139620921284518,0.207866688813154,1.15411794827218
43396,0.778401231909741,146,0,0,1,-0.380307937326277,-0.213317454347349,-1.23981404660068,-0.546254321764787,0.111813825204308
43399,0.803447171342716,214,0,1,0,1.47579825091858,1.47597125526585,0.18126874026603,0.773457446746608,1.84898736365075
43415,0.709740681584302,147,0,0,1,-0.5098037179015,0.209004723055948,-1.19397266637917,-0.609097739312947,0.111813825204308
43445,1,3,1,0,0,0.224005705358094,-0.0021563656457036,0.272951500709041,0.0193364361686673,-0.58305559017427
43495,0.685925855088953,99,0,0,1,-0.855125799435426,-1.83221913439333,-1.74406922903725,-0.043506981379493,-1.62535971324214
43845,0.816478205128205,10,0,1,0,0.655658307275502,0.209004723055948,1.05225496447465,-0.169193816475819,0.459248532893597
44816,0.945367500846492,224,1,0,0,1.08731090919291,-0.354091513481786,-0.0937795410630119,-0.797627991957434,-0.235620882484981
44819,0.712543325108559,258,0,0,1,0.612493047083761,-0.0021563656457036,-0.781400244385608,0.333553523909475,1.50155265596146
44819,0.712543325108559,258,0,0,1,0.267170965549835,-0.213317454347349,-0.598034723499581,0.145023271264988,0.111813825204308
44819,0.712543325108559,258,0,0,1,0.612493047083761,1.12403610742976,1.83155842824026,1.15051795203558,0.459248532893597
44820,0.92527928042328,150,1,0,0,-0.55296897809324,-0.565252602183431,-2.1108002708093,-0.420567486668466,-0.58305559017427
44831,0.795683333333333,73,0,1,0,1.56212877130206,-0.354091513481786,-0.827241624607117,-0.797627991957434,1.84898736365075
44835,0.695744500413802,232,0,1,0,0.828319348042465,-0.987574779586734,-0.50635196305657,-0.3577240691203,0.806683240582886
44841,0.827701364117364,173,0,1,0,1.34630247034335,0.56093987089203,-0.277145061949038,0.333553523909475,1.15411794827218
44849,0.702589827286036,250,0,0,1,-0.596134238284981,-0.776413690885083,-1.10228990593615,-1.74027925517986,0.459248532893597
44852,0.749704621833273,289,0,0,1,-0.811960539243685,-1.76183210482612,0.272951500709041,0.270710106361314,-0.58305559017427
44853,0.899192284878864,149,1,0,0,-0.207646896559314,-0.494865572616216,1.09809634469616,1.52757845732455,-0.930490297863559
44856,0.890805665659364,222,0,1,0,1.04414564900117,0.4201658117576,-0.185462301506023,0.270710106361314,0.806683240582886
44874,0.734554557648234,285,0,0,1,0.00817940439938984,-0.142930424780134,0.456317021595067,0.145023271264988,0.111813825204308
44879,0.915116364272982,149,1,0,0,-0.034985855792351,-0.0021563656457036,-0.827241624607117,-0.043506981379493,-0.930490297863559
44881,0.776929286306416,296,0,0,1,-0.466638457709759,0.4201658117576,-1.28565542682218,-1.30037533234273,0.459248532893597
44896,0.876243742690058,244,0,0,1,-0.250812156751055,-0.987574779586734,-0.0937795410630119,-1.80312267272802,0.111813825204308
44898,0.949272307692308,112,1,0,0,0.0513446645911306,0.4201658117576,0.502158401816573,0.647770611650282,-0.930490297863559
44908,0.67466351010101,43,0,0,1,0.137675184974612,-0.424478543049001,-0.139620921284518,-0.860471409505594,1.15411794827218
44912,0.837743939393939,86,0,1,0,1.43263299072684,0.4201658117576,-1.01060714549314,-0.671941156861113,0.806683240582886
44917,0.906077095238095,98,1,0,0,0.785154087850724,0.631326900459251,0.410475641373562,0.270710106361314,0.111813825204308
44927,0.885394209713325,89,1,0,0,0.785154087850724,0.631326900459251,1.05225496447465,0.522083776553961,-0.58305559017427
44930,0.653085042259328,217,0,0,1,-0.898291059627167,-0.28370448391457,-0.918924385050129,-0.98615824460192,0.806683240582886
44931,0.649556889113509,279,0,0,1,0.267170965549835,-0.213317454347349,-1.14813128615766,-0.23203723402398,1.15411794827218
44947,0.933755238095238,56,1,0,0,-0.121316376175833,0.209004723055948,1.00641358425315,1.52757845732455,-0.235620882484981
44985,0.851138303275672,141,0,0,1,-1.80476152365372,-0.987574779586734,-1.78991060925875,-0.860471409505594,-1.97279442093143
44990,0.674903209876543,30,0,0,1,-1.4594394421198,0.490552841324815,-1.33149680704369,-1.74027925517986,-1.62535971324214
44995,0.890145391569553,180,1,0,0,-0.293977416942796,-0.0021563656457036,-0.964765765271634,-0.546254321764787,-1.27792500555285
45052,0.776981960150489,183,0,0,1,0.310336225741575,0.209004723055948,0.18126874026603,0.270710106361314,0.459248532893597
45102,0.695961538461539,59,0,0,1,0.180840445166353,-0.0725433952129187,0.364634261152056,0.0193364361686673,0.459248532893597
45185,0.71338303030303,126,0,0,1,-0.5098037179015,0.842487989160897,-1.37733818726519,-0.483410904216627,0.111813825204308
46071,0.945982862535389,154,1,0,0,0.785154087850724,-1.12834883872116,0.685523922702599,-0.29488065157214,-0.235620882484981
46093,0.659812236430236,255,0,0,1,-0.207646896559314,-0.987574779586734,-0.368827822392049,-1.36321874989089,-0.235620882484981
46094,0.787213772748249,242,0,1,0,1.51896351111032,0.772100959593682,0.731365302924109,0.522083776553961,1.15411794827218
46096,0.95488270531401,62,1,0,0,0.224005705358094,-0.706026661317868,-1.01060714549314,-0.98615824460192,-0.58305559017427
46100,0.980297037037037,47,1,0,0,-0.034985855792351,-0.142930424780134,-0.00209678061999669,-0.483410904216627,-0.58305559017427
46104,0.987556078431372,95,1,0,0,0.526162526700279,-0.28370448391457,0.272951500709041,-0.23203723402398,-0.58305559017427
46109,0.662475009425163,277,0,0,1,0.137675184974612,-0.142930424780134,-2.1108002708093,-1.11184507969824,0.806683240582886
46111,0.848336666666667,196,0,1,0,1.3894677305351,-0.142930424780134,-1.23981404660068,-1.17468849724641,1.50155265596146
46116,0.70966342804856,285,0,0,1,-0.596134238284981,-0.635639631750652,0.272951500709041,1.02483111693925,-0.930490297863559
46130,0.644665991805285,99,0,0,1,-0.682464758668463,-1.55067101612447,-1.01060714549314,-0.420567486668466,0.806683240582886
46155,0.759571929599532,198,0,1,0,1.77795507226076,0.772100959593682,1.4189860062467,0.584927194102121,1.50155265596146
46170,0.839092975206612,82,0,1,0,1.90745085283598,1.2648101665642,0.547999782038082,-0.546254321764787,1.15411794827218
46173,0.919185684119802,86,1,0,0,-0.725630018860204,-1.2691228978556,0.685523922702599,0.396396941457635,-1.62535971324214
46189,0.851537412587413,119,0,1,0,2.03694663341121,2.17984155093802,0.18126874026603,0.710614029198448,1.15411794827218
46192,0.967091746063878,69,0,1,0,1.64845929168554,1.75751937353471,0.639682542481094,-0.3577240691203,1.50155265596146
46203,0.948644937685219,104,1,0,0,-0.423473197518018,-0.0725433952129187,-1.10228990593615,-1.36321874989089,-1.27792500555285
46206,0.710125837331215,120,0,1,0,1.25997194995987,1.33519719613142,-0.139620921284518,0.710614029198448,1.50155265596146
46226,0.768822515108318,225,0,1,0,1.69162455187728,1.6871323439675,0.456317021595067,-0.3577240691203,0.806683240582886
46243,0.699605161353798,272,0,0,1,-0.380307937326277,-1.33950992742282,0.456317021595067,-0.23203723402398,1.15411794827218
46256,0.653836896912611,82,0,0,1,-1.07095210039413,-0.213317454347349,0.685523922702599,0.333553523909475,-1.27792500555285
46276,0.632591915406531,144,0,0,1,-0.034985855792351,-0.565252602183431,-0.827241624607117,-0.92331482705376,1.50155265596146
46277,0.77904114638448,76,0,0,1,-0.768795279051944,-0.0725433952129187,-0.643876103721091,-0.3577240691203,0.459248532893597
46309,0.780311467609149,121,0,0,1,-1.37310892173632,-0.565252602183431,-0.735558864164102,-0.797627991957434,-0.930490297863559
46522,0.806807323232323,8,0,0,1,-0.5098037179015,-0.706026661317868,-0.735558864164102,0.710614029198448,0.111813825204308
47791,0.732459890463072,223,0,1,0,1.56212877130206,0.983262048295333,-0.0479381608415063,-0.671941156861113,1.50155265596146
47803,0.778905520866933,149,0,1,0,1.47579825091858,-0.424478543049001,-1.01060714549314,-0.420567486668466,1.15411794827218
47819,0.752403656713657,197,0,0,1,-0.034985855792351,-0.565252602183431,-0.00209678061999669,-0.92331482705376,-0.58305559017427
47833,0.690173123728124,150,0,1,0,1.17364142957639,0.490552841324815,1.32730324580369,0.270710106361314,0.459248532893597
47834,0.687488140313353,224,0,0,1,0.482997266508539,-0.494865572616216,-0.0937795410630119,-0.92331482705376,-0.235620882484981
47835,0.701879220219436,8,0,1,0,1.73478981206902,1.05364907786255,0.547999782038082,0.145023271264988,1.50155265596146
47836,0.959531832611833,120,1,0,0,-0.164481636367573,-0.494865572616216,-0.643876103721091,-0.609097739312947,-0.58305559017427
47839,0.745655345933736,184,0,0,1,-1.20044788096935,-1.62105804569168,0.0895859798230145,0.396396941457635,-0.930490297863559
47842,0.815249369427696,325,0,0,1,-0.423473197518018,-1.76183210482612,-0.322986442170544,-1.61459242008353,-0.235620882484981
47845,0.743814829931973,41,0,0,1,-1.15728262077761,-1.76183210482612,-0.368827822392049,-0.860471409505594,-1.27792500555285
47847,0.70894468428397,218,0,0,1,0.56932778689202,-1.62105804569168,1.60235152713273,1.33904820468006,0.806683240582886
47849,0.637921125897871,288,0,0,1,-1.37310892173632,-0.213317454347349,0.272951500709041,1.02483111693925,-0.930490297863559
47852,0.724454945054945,63,0,1,0,1.47579825091858,0.490552841324815,0.82304806336712,1.15051795203558,1.50155265596146
47853,0.971823333333333,153,1,0,0,-0.293977416942796,-0.494865572616216,-1.69822784881574,-1.36321874989089,-1.62535971324214
47856,0.985966385964912,106,1,0,0,0.310336225741575,0.490552841324815,0.731365302924109,-0.29488065157214,-0.930490297863559
47857,0.999971717171717,159,1,0,0,-0.5098037179015,0.701713930026467,1.32730324580369,0.710614029198448,-1.97279442093143
47859,0.642324859784823,317,0,0,1,-0.293977416942796,-1.48028398655725,-0.0937795410630119,-0.860471409505594,-0.235620882484981
47870,0.947669312169312,49,1,0,0,0.0513446645911306,0.0682306639215178,-0.0937795410630119,-0.106350398927659,-0.930490297863559
47876,0.394484848484848,12,0,0,1,0.224005705358094,-0.987574779586734,-1.19397266637917,-1.36321874989089,1.15411794827218
47879,0.820335492424242,176,0,1,0,1.69162455187728,1.6871323439675,0.410475641373562,-0.106350398927659,1.15411794827218
47885,0.840536666666667,77,1,0,0,0.267170965549835,0.772100959593682,0.456317021595067,0.0193364361686673,-0.58305559017427
47896,0.966974310689311,50,1,0,0,-0.725630018860204,-1.12834883872116,-1.78991060925875,-1.36321874989089,-0.930490297863559
47911,0.978328571428571,82,1,0,0,-0.207646896559314,-0.28370448391457,-0.918924385050129,-0.483410904216627,-0.235620882484981
47920,0.774724126984127,128,0,1,0,1.64845929168554,0.701713930026467,0.593841162259588,-1.11184507969824,1.15411794827218
47924,0.935217777777778,73,0,1,0,2.16644241398643,2.39100263963967,1.69403428757575,1.52757845732455,2.54385677902933
47932,0.628196004116464,179,0,0,1,-1.32994366154457,0.209004723055948,-1.05644852571465,-0.609097739312947,-0.930490297863559
47987,0.984818360071301,26,1,0,0,-0.596134238284981,-0.565252602183431,0.18126874026603,0.145023271264988,-0.930490297863559
48011,0.8854,12,0,1,0,1.56212877130206,1.89829343266915,0.410475641373562,0.584927194102121,1.15411794827218
48097,0.738520852813853,202,0,0,1,-0.5098037179015,0.490552841324815,0.18126874026603,-0.3577240691203,0.459248532893597
48118,0.793001502627807,59,0,0,1,0.00817940439938984,-0.917187750019519,-0.139620921284518,-0.420567486668466,0.111813825204308
48489,0.731785716902145,102,0,0,1,1.77795507226076,1.33519719613142,2.15244808979081,1.90463896261352,1.84898736365075
48489,0.731785716902145,102,0,0,1,-0.164481636367573,0.0682306639215178,-0.277145061949038,-0.043506981379493,0.806683240582886
48530,0.771770303030303,9,0,0,1,-0.55296897809324,-0.213317454347349,-1.14813128615766,-0.98615824460192,-0.235620882484981
48541,0.9984,38,0,0,1,-0.207646896559314,1.33519719613142,0.272951500709041,0.0193364361686673,1.15411794827218
52423,0.718966095991809,235,0,0,1,-0.941456319818908,-0.776413690885083,-0.277145061949038,1.52757845732455,0.111813825204308
52425,0.715788353108932,231,0,0,1,-0.725630018860204,-0.424478543049001,-0.0937795410630119,1.33904820468006,0.459248532893597
52430,0.727570017725591,302,0,0,1,-0.55296897809324,-0.917187750019519,0.13542736004452,0.270710106361314,0.111813825204308
52433,0.736801500498789,236,0,0,1,-0.423473197518018,-0.424478543049001,0.227110120487535,-0.106350398927659,-0.235620882484981
52440,0.928821375661376,111,1,0,0,-0.337142677134536,0.279391752623163,-1.69822784881574,-1.92880950782435,-1.97279442093143
52442,0.813909704326406,326,0,0,1,0.353501485933316,-0.28370448391457,-0.322986442170544,-0.92331482705376,1.15411794827218
52443,0.930128502415459,92,1,0,0,-0.121316376175833,-0.565252602183431,-0.918924385050129,-0.92331482705376,-1.62535971324214
52449,0.913913405853406,121,1,0,0,0.482997266508539,-1.19873586828839,-0.0937795410630119,-0.29488065157214,-0.930490297863559
52451,0.881817933723197,172,0,1,0,2.03694663341121,0.983262048295333,1.87739980846177,0.773457446746608,1.84898736365075
52457,0.700873192645357,285,0,0,1,1.00098038880943,-0.987574779586734,0.272951500709041,-0.23203723402398,1.15411794827218
52460,0.930764444444444,42,1,0,0,0.0945099247828714,-0.635639631750652,-0.735558864164102,0.836300864294768,-0.930490297863559
52470,0.903770300983437,136,1,0,0,1.3894677305351,-0.213317454347349,0.731365302924109,-0.23203723402398,-0.235620882484981
52474,0.979701085972851,115,1,0,0,0.56932778689202,-1.19873586828839,-0.139620921284518,-1.80312267272802,-0.235620882484981
52494,0.919085993265993,33,1,0,0,0.353501485933316,0.631326900459251,0.410475641373562,0.522083776553961,-1.27792500555285
52500,0.700022123669078,184,0,0,1,-0.639299498476722,-1.19873586828839,0.456317021595067,-0.546254321764787,-0.930490297863559
52502,0.881077708333333,55,0,1,0,1.17364142957639,1.12403610742976,0.547999782038082,0.396396941457635,0.459248532893597
52513,0.951746666666667,58,0,1,0,1.73478981206902,1.6871323439675,-1.14813128615766,-0.106350398927659,1.50155265596146
52520,0.946409818181818,49,1,0,0,-0.121316376175833,-0.494865572616216,-0.368827822392049,-0.043506981379493,-0.58305559017427
52523,0.735583746556474,115,0,1,0,1.21680668976813,1.19442313699699,1.73987566779725,0.522083776553961,1.50155265596146
52526,0.764890117965368,84,0,1,0,1.86428559264424,-0.494865572616216,2.15244808979081,0.773457446746608,1.50155265596146
52541,0.71639905780494,69,0,1,0,1.6052940314938,1.47597125526585,0.547999782038082,1.08767453448742,2.19642207134004
52544,0.66386,18,0,1,0,1.30313721015161,0.701713930026467,1.00641358425315,-0.043506981379493,1.15411794827218
52574,0.507076923076923,18,0,0,1,-0.55296897809324,1.19442313699699,0.777206683145614,0.270710106361314,0.111813825204308
52581,0.765971488464931,194,0,0,1,-1.6752657430785,-1.2691228978556,-1.51486232792971,-2.11733976046883,-0.930490297863559
52584,0.701209757955089,245,0,0,1,-0.5098037179015,-0.565252602183431,-0.139620921284518,0.396396941457635,-0.58305559017427
52595,0.654502391360652,223,0,0,1,-0.121316376175833,-0.565252602183431,-0.689717483942597,-0.92331482705376,0.459248532893597
52598,1,33,0,1,0,1.25997194995987,1.54635828483307,0.685523922702599,1.08767453448742,1.50155265596146
52608,0.711778080808081,158,0,0,1,-1.28677840135283,-1.48028398655725,1.14393772491767,0.459240359005801,-0.235620882484981
52609,0.750042424242424,62,0,0,1,-0.596134238284981,-0.917187750019519,1.09809634469616,0.710614029198448,-0.58305559017427
52625,0.781610421251075,108,0,0,1,0.00817940439938984,1.12403610742976,1.32730324580369,0.522083776553961,0.806683240582886
52630,0.998114705882353,152,1,0,0,-0.337142677134536,0.0682306639215178,-0.277145061949038,-0.23203723402398,-1.27792500555285
52660,0.530272888888889,23,0,0,1,-0.250812156751055,-0.706026661317868,-1.14813128615766,-0.29488065157214,0.459248532893597
52708,0.6224,28,1,0,0,-0.423473197518018,-0.0725433952129187,-1.69822784881574,-1.61459242008353,-1.62535971324214
52733,0.94639437037037,93,1,0,0,0.180840445166353,0.56093987089203,-0.00209678061999669,-0.609097739312947,-1.27792500555285
52942,0.79934068452381,226,0,1,0,0.655658307275502,0.138617693488733,-0.414669202613555,0.522083776553961,1.15411794827218
53098,0.622595187220187,165,0,0,1,-0.423473197518018,-0.0725433952129187,-1.10228990593615,-0.609097739312947,0.111813825204308
53433,0.754140229699593,146,0,1,0,1.30313721015161,-0.846800720452298,0.410475641373562,0.0821798537168276,1.50155265596146
53434,0.716303339234124,272,0,0,1,-0.596134238284981,-1.55067101612447,-0.322986442170544,-1.86596609027618,-0.235620882484981
53449,0.980190476190476,21,0,0,1,-0.941456319818908,-1.19873586828839,-0.689717483942597,-0.23203723402398,-0.58305559017427
53454,0.945325892255892,138,1,0,0,0.00817940439938984,-0.776413690885083,0.456317021595067,0.207866688813154,-0.930490297863559
53456,0.741078929113215,106,0,0,1,-1.07095210039413,-1.19873586828839,-1.01060714549314,-1.74027925517986,-0.235620882484981
53463,0.725030277791631,229,0,0,1,-0.250812156751055,-1.48028398655725,-1.83575198948026,-1.36321874989089,0.111813825204308
53464,0.934644128021579,65,1,0,0,-0.121316376175833,-0.0725433952129187,-0.277145061949038,-1.23753191479457,-1.27792500555285
53485,0.745512280701754,79,0,0,1,-1.07095210039413,-1.2691228978556,-0.460510582835065,-0.420567486668466,-1.62535971324214
53486,0.806971341991342,19,0,0,1,-2.58173620710506,-0.987574779586734,-0.643876103721091,-0.92331482705376,-1.62535971324214
53511,1,51,0,0,1,-1.11411736058587,-0.706026661317868,-0.735558864164102,0.396396941457635,-0.235620882484981
53512,0.863681082816965,120,0,1,0,1.13047616938465,0.279391752623163,-0.827241624607117,0.710614029198448,0.806683240582886
53518,0.744249061964676,145,0,0,1,0.00817940439938984,-0.917187750019519,-1.14813128615766,0.0193364361686673,1.15411794827218
53520,0.75325976119119,34,0,0,1,-1.24361314116109,-2.04338022309499,0.456317021595067,-0.23203723402398,-0.235620882484981
53536,0.944813547183175,136,1,0,0,-0.596134238284981,-0.424478543049001,-1.01060714549314,-1.92880950782435,-1.97279442093143
53541,0.652829691433327,176,0,0,1,-0.768795279051944,-0.354091513481786,-0.689717483942597,-0.734784574409273,-0.58305559017427
53549,0.983931851851852,143,1,0,0,0.698823567467243,0.56093987089203,0.272951500709041,-0.860471409505594,-0.58305559017427
53553,0.779268094169205,68,0,1,0,1.51896351111032,1.96868046223636,-0.827241624607117,0.396396941457635,1.50155265596146
53558,0.801696153846154,32,0,0,1,-1.76159626346198,-0.635639631750652,-1.69822784881574,-1.92880950782435,-1.97279442093143
53560,0.618035714285714,26,0,0,1,-0.898291059627167,-0.565252602183431,-0.277145061949038,-0.23203723402398,-0.58305559017427
53576,0.690630447619771,81,0,1,0,1.3894677305351,0.56093987089203,0.731365302924109,0.773457446746608,0.459248532893597
53591,0.862435833333333,104,0,1,0,1.08731090919291,-0.0725433952129187,-0.918924385050129,0.522083776553961,0.806683240582886
53608,0.765958982683983,23,0,0,1,0.310336225741575,-0.846800720452298,-1.14813128615766,-0.169193816475819,0.806683240582886
53623,0.991321212121212,4,1,0,0,-0.596134238284981,-1.2691228978556,-0.414669202613555,-0.609097739312947,-0.930490297863559
53640,0.882968421052632,2,1,0,0,-1.11411736058587,-0.0725433952129187,-1.83575198948026,-1.92880950782435,-1.62535971324214
53646,1,61,1,0,0,-0.207646896559314,-0.706026661317868,-0.322986442170544,0.145023271264988,-1.62535971324214
53946,0.711967003367003,61,0,1,0,1.3894677305351,0.279391752623163,-0.781400244385608,0.207866688813154,0.806683240582886
53959,0.777778703703704,59,0,1,0,1.8211203324525,0.4201658117576,1.09809634469616,-0.23203723402398,1.15411794827218
54475,0.686797483417326,254,0,0,1,-1.37310892173632,-1.2691228978556,-0.368827822392049,0.459240359005801,-0.235620882484981
54476,0.672531424552959,246,0,0,1,-1.20044788096935,-1.19873586828839,0.960572204031641,0.459240359005801,-0.235620882484981
54481,0.661376006032953,148,0,0,1,-1.58893522269502,-0.917187750019519,1.14393772491767,1.52757845732455,-0.58305559017427
54483,0.738006693861694,66,0,0,1,0.439832006316798,-0.0725433952129187,1.14393772491767,0.522083776553961,0.459248532893597
54499,0.703630549951555,63,0,0,1,-0.293977416942796,-1.40989695699003,-0.368827822392049,-0.23203723402398,1.15411794827218
54501,0.895758796405615,102,1,0,0,0.0945099247828714,-1.19873586828839,1.00641358425315,1.08767453448742,-0.58305559017427
54508,0.776926666666667,67,0,0,1,-1.58893522269502,-0.846800720452298,-0.0937795410630119,0.710614029198448,-1.62535971324214
54517,0.612445320756062,265,0,0,1,-0.855125799435426,-0.635639631750652,-0.918924385050129,0.333553523909475,0.806683240582886
54518,0.657035883040936,228,0,0,1,-0.164481636367573,-1.05796180915395,0.456317021595067,-0.043506981379493,0.806683240582886
54519,0.607824444444444,73,0,0,1,-0.855125799435426,-1.05796180915395,0.456317021595067,0.207866688813154,-0.930490297863559
54538,0.949790991516224,94,0,1,0,1.90745085283598,0.349778782190385,1.87739980846177,1.15051795203558,2.19642207134004
54556,0.91536880952381,101,1,0,0,-0.034985855792351,-0.565252602183431,-0.322986442170544,-1.36321874989089,-0.235620882484981
54564,0.781378518518518,124,0,0,1,-0.811960539243685,0.983262048295333,-0.414669202613555,-0.483410904216627,0.111813825204308
54564,0.781378518518518,124,0,0,1,1.77795507226076,1.33519719613142,2.15244808979081,1.90463896261352,1.84898736365075
54564,0.781378518518518,124,0,0,1,-0.121316376175833,0.631326900459251,0.502158401816573,1.7789521275172,0.111813825204308
54572,0.959004444444444,88,1,0,0,0.137675184974612,0.209004723055948,1.55651014691123,1.33904820468006,-0.930490297863559
54577,0.645751608391608,82,0,1,0,1.64845929168554,0.490552841324815,0.0895859798230145,1.15051795203558,1.50155265596146
54594,0.857893333333333,59,0,1,0,0.526162526700279,-0.776413690885083,1.00641358425315,1.90463896261352,1.50155265596146
54594,0.857893333333333,59,0,1,0,1.51896351111032,1.75751937353471,-0.00209678061999669,1.21336136958374,1.50155265596146
54604,0.728021873015873,128,0,1,0,1.30313721015161,1.33519719613142,0.13542736004452,1.7789521275172,1.50155265596146
54608,0.65693038277512,40,0,1,0,1.00098038880943,-0.28370448391457,1.00641358425315,0.459240359005801,0.806683240582886
54628,0.685158433138929,38,0,0,1,-1.11411736058587,0.138617693488733,0.731365302924109,0.207866688813154,-0.58305559017427
54716,0.709933333333333,41,1,0,0,0.0513446645911306,-1.33950992742282,1.09809634469616,0.710614029198448,-0.930490297863559
54905,0.985191666666667,75,1,0,0,-0.466638457709759,-0.0725433952129187,-1.74406922903725,-2.11733976046883,-1.62535971324214
55157,0.4088,67,0,1,0,1.51896351111032,1.6871323439675,0.456317021595067,-0.23203723402398,1.15411794827218
