"nflId","n_routes","displayName","weight","X40yd","X3Cone","Shuttle","total_inches","position_RB","position_TE","position_WR","missing40yd","missing3Cone","missingShuttle"
30842,46,"Marcedes Lewis",2.08510390875372,1.6871323439675,0.960572204031641,3.35003756622124,1.60222686211118,0,1,0,0,0,0
33130,4,"DeSean Jackson",-1.6940000661084,-1.48028398655725,NA,NA,-1.13162249682774,0,0,1,0,1,1
37077,168,"A.J. Green",-0.256297466976072,-0.565252602183431,-0.552193343278076,-0.483410904216627,0.918764522376452,0,0,1,0,0,0
37079,81,"Julio Jones",0.154474704204594,-1.55067101612447,-1.69822784881574,-0.23203723402398,0.577033352509088,0,0,1,0,0,0
37101,63,"Mark Ingram",-0.050911381385739,0.4201658117576,0.456317021595067,2.093169215258,-1.4733536666951,1,0,0,0,0,0
37118,18,"Kyle Rudolph",2.00294947451759,1.89829343266915,NA,NA,1.60222686211118,0,1,0,0,1,1
37139,117,"Randall Cobb",-0.995687375101269,-0.706026661317868,0.227110120487535,0.333553523909475,-1.13162249682774,0,0,1,0,0,0
38696,227,"Marvin Jones",-0.74922407239287,-0.706026661317868,-1.01060714549314,-1.11184507969824,0.235302182641723,0,0,1,0,0,0
38947,10,"Cole Beasley",-1.73507728322647,NA,NA,NA,-1.81508483656247,0,0,1,1,1,1
39212,41,"Brandon Bolden",0.154474704204594,-0.0725433952129187,-0.322986442170544,0.961987699391095,-0.789891326960371,1,0,0,0,0,0
39646,7,"Josh Gordon",0.359860789794926,NA,NA,NA,0.577033352509088,0,0,1,1,1,1
39973,105,"DeAndre Hopkins",-0.174143032739939,0.0682306639215178,NA,1.33904820468006,-0.106428987225642,0,0,1,0,1,0
39975,48,"Cordarrelle Patterson",0.893864612329791,-0.987574779586734,NA,NA,0.235302182641723,1,0,0,0,1,1
39983,314,"Zach Ertz",1.38679121774659,1.40558422569863,0.227110120487535,1.15051795203558,1.26049569224382,0,1,0,0,0,0
39989,148,"Robert Woods",-0.954610157983202,-0.354091513481786,0.547999782038082,1.15051795203558,-0.448160157093007,0,0,1,0,0,0
40011,279,"Travis Kelce",1.79756338892725,0.490552841324815,NA,NA,1.26049569224382,0,1,0,0,1,1
40024,24,"Keenan Allen",-0.215220249858005,0.138617693488733,NA,NA,0.235302182641723,0,0,1,0,1,1
40026,102,"Marquise Goodwin",-1.52969119763613,-2.04338022309499,NA,NA,-1.4733536666951,0,0,1,0,1,1
40129,40,"Latavius Murray",0.565246875385259,NA,NA,NA,0.577033352509088,1,0,0,1,1,1
40138,111,"Rex Burkhead",-0.050911381385739,1.19442313699699,-0.827241624607117,-1.23753191479457,-1.13162249682774,1,0,0,0,0,0
40149,16,"Ryan Griffin",1.59217730333692,NA,NA,NA,1.60222686211118,0,1,0,1,1,1
40488,293,"Adam Thielen",-0.667069638156737,NA,NA,NA,0.235302182641723,0,0,1,1,1,1
41230,118,"Sammy Watkins",-0.215220249858005,-0.917187750019519,-0.368827822392049,0.333553523909475,-0.106428987225642,0,0,1,0,0,0
41233,300,"Mike Evans",0.606324092503325,-0.213317454347349,0.227110120487535,-0.169193816475819,1.26049569224382,0,0,1,0,0,0
41246,214,"Brandin Cooks",-1.36538232916387,-1.62105804569168,-1.23981404660068,-2.99714760614309,-1.13162249682774,0,0,1,0,0,0
41282,282,"Davante Adams",-0.050911381385739,-0.0021563656457036,-0.964765765271634,0.0821798537168276,-0.106428987225642,0,0,1,0,0,0
41290,279,"Allen Robinson",0.154474704204594,0.279391752623163,-0.139620921284518,-1.80312267272802,0.235302182641723,0,0,1,0,0,0
41292,95,"Jarvis Landry",-0.831378506629003,0.631326900459251,NA,NA,-0.789891326960371,0,0,1,0,1,1
41325,158,"Jerick McKinnon",-0.461683552566404,-1.05796180915395,-0.918924385050129,-1.04900166215008,-1.4733536666951,1,0,0,0,0,0
41327,15,"Richard Rodgers",1.67433173757306,2.17984155093802,0.914730823810135,1.15051795203558,0.918764522376452,0,1,0,0,0,0
41349,148,"Logan Thomas",1.38679121774659,NA,NA,NA,1.60222686211118,0,1,0,1,1,1
41500,15,"Willie Snead",-0.461683552566404,0.4201658117576,0.731365302924109,0.647770611650282,-0.789891326960371,0,0,1,0,0,0
41712,5,"Damien Williams",0.31878357267686,-0.28370448391457,-1.10228990593615,-0.29488065157214,-0.789891326960371,1,0,0,0,0,0
41712,5,"Damien Williams",0.31878357267686,-0.776413690885083,1.55651014691123,-0.23203723402398,-0.789891326960371,1,0,0,0,0,0
42033,118,"Cameron Brate",1.18140513215626,NA,NA,NA,1.26049569224382,0,1,0,1,1,1
42302,37,"Chris Manhertz",1.59217730333692,NA,NA,NA,1.60222686211118,0,1,0,1,1,1
42347,229,"Amari Cooper",-0.215220249858005,-0.987574779586734,-1.46902094770821,-1.92880950782435,-0.106428987225642,0,0,1,0,0,0
42350,46,"Kevin White",-0.00983416426767243,-1.48028398655725,-0.50635196305657,-0.92331482705376,0.577033352509088,0,0,1,0,0,0
42357,182,"DeVante Parker",-0.00983416426767243,-0.776413690885083,NA,NA,0.577033352509088,0,0,1,0,1,1
42358,98,"Melvin Gordon",-0.050911381385739,-0.28370448391457,0.0437445996015089,-1.36321874989089,-0.106428987225642,1,0,0,0,0,0
42363,115,"Nelson Agholor",-0.74922407239287,-0.987574779586734,NA,NA,-0.448160157093007,0,0,1,0,1,1
42369,92,"Breshad Perriman",-0.050911381385739,NA,NA,NA,0.235302182641723,0,0,1,1,1,1
42372,84,"Phillip Dorsett",-0.995687375101269,-1.62105804569168,-1.51486232792971,-1.11184507969824,-1.13162249682774,0,0,1,0,0,0
42397,43,"Ameer Abdullah",-0.543837986802537,0.279391752623163,-1.10228990593615,-2.11733976046883,-1.4733536666951,1,0,0,0,0,0
42398,6,"Maxx Williams",1.46894565198272,1.54635828483307,1.23562048536068,0.522083776553961,0.918764522376452,0,1,0,0,0,0
42412,229,"Tyler Lockett",-1.40645954628193,-1.12834883872116,-0.643876103721091,-1.36321874989089,-1.13162249682774,0,0,1,0,0,0
42416,12,"Tevin Coleman",-0.256297466976072,-1.12834883872116,NA,NA,-0.106428987225642,1,0,0,0,1,1
42419,19,"Chris Conley",-0.461683552566404,-1.48028398655725,0.13542736004452,0.0821798537168276,0.577033352509088,0,0,1,0,0,0
42428,22,"Tyler Kroft",1.38679121774659,1.33519719613142,NA,NA,1.60222686211118,0,1,0,0,1,1
42437,12,"Ty Montgomery",-0.00983416426767243,-0.0725433952129187,-0.277145061949038,-0.483410904216627,-0.448160157093007,0,0,1,0,0,0
42448,64,"Jamison Crowder",-1.61184563187227,-0.0021563656457036,0.639682542481094,0.207866688813154,-1.4733536666951,0,0,1,0,0,0
42469,9,"Mike Davis",0.19555192132266,-0.28370448391457,NA,NA,-1.4733536666951,1,0,0,0,1,1
42469,9,"Mike Davis",0.19555192132266,0.349778782190385,-0.139620921284518,-0.671941156861113,-1.4733536666951,1,0,0,0,0,0
42486,9,"MyCole Pruitt",1.09925069792012,0.138617693488733,1.00641358425315,0.522083776553961,0.235302182641723,0,1,0,0,0,0
42489,242,"Stefon Diggs",-1.03676459221934,-0.706026661317868,-0.00209678061999669,0.207866688813154,-0.448160157093007,0,0,1,0,0,0
42500,96,"C.J. Uzomah",1.79756338892725,NA,NA,NA,1.60222686211118,0,1,0,1,1,1
42503,7,"Jesse James",1.38679121774659,1.89829343266915,2.28997223045533,1.33904820468006,1.94395803197855,0,1,0,0,0,0
42514,4,"Nick Boyle",2.20833556010792,3.3764210535807,0.456317021595067,-0.3577240691203,0.918764522376452,0,1,0,0,0,0
42547,134,"Darren Waller",1.59217730333692,-0.706026661317868,0.18126874026603,-0.23203723402398,1.60222686211118,0,1,0,0,0,0
42589,58,"Geoff Swaim",1.79756338892725,NA,NA,NA,0.918764522376452,0,1,0,1,1,1
42718,170,"Raheem Mostert",-0.790301289510936,NA,NA,NA,-1.13162249682774,1,0,0,1,1,1
42721,39,"Eric Tomlinson",1.92079504028145,2.9540988761774,1.96908256890478,1.59042187487271,1.60222686211118,0,1,0,0,0,0
42794,248,"DeAndre Carter",-1.0778418093374,NA,NA,NA,-1.81508483656247,0,0,1,1,1,1
42818,46,"Jake Kumerow",-0.297374684094138,NA,NA,NA,0.918764522376452,0,0,1,1,1,1
42837,20,"Malcolm Brown",0.236629138440727,0.4201658117576,-0.781400244385608,-0.860471409505594,-0.789891326960371,1,0,0,0,0,0
42899,50,"Damiere Byrd",-1.48861398051807,NA,NA,NA,-1.4733536666951,0,0,1,1,1,1
43293,94,"Ezekiel Elliott",0.483092441149126,-0.635639631750652,NA,NA,-0.448160157093007,1,0,0,0,1,1
43324,186,"Hunter Henry",1.38679121774659,1.61674531440028,NA,NA,1.26049569224382,0,1,0,0,1,1
43329,80,"Sterling Shepard",-0.62599242103867,-0.565252602183431,-0.139620921284518,0.396396941457635,-1.13162249682774,0,0,1,0,0,0
43334,71,"Derrick Henry",1.26355956639239,-0.142930424780134,0.777206683145614,0.584927194102121,0.577033352509088,1,0,0,0,0,0
43336,95,"Michael Thomas",-0.174143032739939,0.0682306639215178,-1.05644852571465,-0.98615824460192,0.577033352509088,0,0,1,0,0,0
43344,309,"Tyler Boyd",-0.543837986802537,0.138617693488733,-0.598034723499581,0.396396941457635,0.235302182641723,0,0,1,0,0,0
43362,79,"Kenyan Drake",-0.215220249858005,-0.776413690885083,0.0437445996015089,-0.483410904216627,-0.106428987225642,1,0,0,0,0,0
43370,103,"Austin Hooper",1.55110008621886,1.12403610742976,-0.139620921284518,0.207866688813154,0.918764522376452,0,1,0,0,0,0
43383,13,"Nick Vannett",1.83864060604532,1.40558422569863,0.0895859798230145,-0.546254321764787,1.60222686211118,0,1,0,0,0,0
43396,146,"Chris Moore",-0.667069638156737,-0.213317454347349,-1.23981404660068,-0.546254321764787,-0.106428987225642,0,0,1,0,0,0
43399,214,"Tyler Higbee",1.67433173757306,1.47597125526585,NA,NA,1.60222686211118,0,1,0,0,1,1
43415,147,"Demarcus Robinson",-0.543837986802537,0.209004723055948,-1.19397266637917,-0.609097739312947,-0.106428987225642,0,0,1,0,0,0
43439,1,"Jordan Howard",0.31878357267686,0.0682306639215178,NA,NA,-0.448160157093007,1,0,0,0,1,1
43445,3,"Jonathan Williams",0.0312430528503941,-0.0021563656457036,NA,NA,-0.448160157093007,1,0,0,0,1,1
43454,271,"Tyreek Hill",-1.28322789492773,NA,NA,NA,-1.13162249682774,0,0,1,1,1,1
43461,5,"Rashard Higgins",-0.74922407239287,0.56093987089203,NA,NA,-0.106428987225642,0,0,1,0,1,1
43495,99,"Mike Thomas",-1.11891902645547,-1.83221913439333,-1.74406922903725,-0.043506981379493,-0.106428987225642,0,0,1,0,0,0
43525,7,"Dwayne Washington",0.277706355558793,NA,NA,NA,-0.106428987225642,1,0,0,1,1,1
43584,157,"Kalif Raymond",-1.40645954628193,NA,NA,NA,-1.81508483656247,0,0,1,1,1,1
43722,133,"J.D. McKissic",-0.872455723747069,NA,NA,NA,-1.13162249682774,1,0,0,1,1,1
43808,187,"Robbie Chosen",-1.0778418093374,NA,NA,NA,0.577033352509088,0,0,1,1,1,1
43845,10,"Stephen Anderson",0.565246875385259,0.209004723055948,NA,NA,0.577033352509088,0,1,0,0,1,1
44003,109,"Marcus Johnson",-0.379529118330271,0.279391752623163,NA,1.52757845732455,-0.106428987225642,0,0,1,0,1,0
44009,16,"J.P. Holtz",0.976019046565924,NA,NA,NA,0.577033352509088,0,1,0,1,1,1
44792,150,"Mo Alie-Cox",2.08510390875372,NA,NA,NA,1.26049569224382,0,1,0,1,1,1
44816,224,"Leonard Fournette",0.483092441149126,-0.354091513481786,NA,NA,-0.448160157093007,1,0,0,0,1,1
44817,193,"Corey Davis",-0.297374684094138,NA,NA,NA,0.577033352509088,0,0,1,1,1,1
44819,258,"Mike Williams",0.0723202699684606,-0.0021563656457036,NA,NA,0.918764522376452,0,0,1,0,1,1
44819,258,"Mike Williams",0.0723202699684606,-0.213317454347349,-0.598034723499581,0.145023271264988,0.918764522376452,0,0,1,0,0,0
44819,258,"Mike Williams",0.0723202699684606,1.12403610742976,1.83155842824026,1.15051795203558,0.918764522376452,0,0,1,0,0,0
44819,258,"Mike Williams",0.0723202699684606,NA,NA,NA,0.918764522376452,0,0,1,1,1,1
44820,150,"Christian McCaffrey",-0.461683552566404,-0.565252602183431,-2.1108002708093,-0.420567486668466,-0.789891326960371,1,0,0,0,0,0
44831,73,"O.J. Howard",1.38679121774659,-0.354091513481786,-0.827241624607117,-0.797627991957434,1.60222686211118,0,1,0,0,0,0
44835,232,"Evan Engram",0.976019046565924,-0.987574779586734,-0.50635196305657,-0.3577240691203,0.577033352509088,0,1,0,0,0,0
44841,173,"David Njoku",1.22248234927432,0.56093987089203,-0.277145061949038,0.333553523909475,0.918764522376452,0,1,0,0,0,0
44849,250,"Zay Jones",-0.667069638156737,-0.776413690885083,-1.10228990593615,-1.74027925517986,0.235302182641723,0,0,1,0,0,0
44852,289,"Curtis Samuel",-0.872455723747069,-1.76183210482612,0.272951500709041,0.270710106361314,-0.789891326960371,0,0,1,0,0,0
44853,149,"Dalvin Cook",-0.256297466976072,-0.494865572616216,1.09809634469616,1.52757845732455,-1.13162249682774,1,0,0,0,0,0
44856,222,"Gerald Everett",0.976019046565924,0.4201658117576,-0.185462301506023,0.270710106361314,0.577033352509088,0,1,0,0,0,0
44860,186,"Joe Mixon",0.154474704204594,NA,NA,NA,-0.106428987225642,1,0,0,1,1,1
44874,285,"JuJu Smith-Schuster",-0.050911381385739,-0.142930424780134,NA,NA,-0.106428987225642,0,0,1,0,1,1
44879,149,"Alvin Kamara",-0.050911381385739,-0.0021563656457036,NA,NA,-1.13162249682774,1,0,0,0,1,1
44881,296,"Cooper Kupp",-0.338451901212205,0.4201658117576,-1.28565542682218,-1.30037533234273,0.235302182641723,0,0,1,0,0,0
44896,244,"Chris Godwin",-0.297374684094138,-0.987574779586734,-0.0937795410630119,-1.80312267272802,-0.106428987225642,0,0,1,0,0,0
44898,112,"Kareem Hunt",-0.00983416426767243,0.4201658117576,NA,NA,-0.789891326960371,1,0,0,0,1,1
44901,46,"D'Onta Foreman",0.688478526739459,NA,NA,NA,-0.106428987225642,1,0,0,1,1,1
44908,43,"Kenny Golladay",-0.133065815621872,-0.424478543049001,-0.139620921284518,-0.860471409505594,0.918764522376452,0,0,1,0,0,0
44912,86,"Jonnu Smith",1.30463678351046,0.4201658117576,NA,-0.671941156861113,0.577033352509088,0,1,0,0,1,0
44917,98,"James Conner",0.688478526739459,0.631326900459251,NA,NA,-0.106428987225642,1,0,0,0,1,1
44927,89,"Samaje Perine",0.976019046565924,0.631326900459251,1.05225496447465,0.522083776553961,-0.789891326960371,1,0,0,0,0,0
44930,217,"Josh Reynolds",-0.831378506629003,-0.28370448391457,-0.918924385050129,-0.98615824460192,0.577033352509088,0,0,1,0,0,0
44931,279,"Mack Hollins",0.19555192132266,-0.213317454347349,NA,NA,0.918764522376452,0,0,1,0,1,1
44947,56,"Jamaal Williams",-0.133065815621872,0.209004723055948,1.00641358425315,1.52757845732455,-0.448160157093007,1,0,0,0,0,0
44959,171,"George Kittle",1.38679121774659,-0.28370448391457,NA,NA,0.918764522376452,0,1,0,0,1,1
44978,29,"Jamal Agnew",-1.0778418093374,NA,NA,NA,-1.13162249682774,0,0,1,1,1,1
44985,141,"Isaiah McKenzie",-1.77615450034453,-0.987574779586734,-1.78991060925875,-0.860471409505594,-1.81508483656247,0,0,1,0,0,0
44987,78,"Eric Saubert",1.51002286910079,NA,NA,NA,1.26049569224382,0,1,0,1,1,1
44990,30,"Trent Taylor",-1.4475367634,0.490552841324815,-1.33149680704369,-1.74027925517986,-1.81508483656247,0,0,1,0,0,0
44995,180,"Aaron Jones",-0.338451901212205,-0.0021563656457036,-0.964765765271634,-0.546254321764787,-1.4733536666951,1,0,0,0,0,0
45005,1,"Alex Armah",1.59217730333692,NA,NA,NA,0.235302182641723,1,0,0,1,1,1
45052,183,"Noah Brown",0.359860789794926,NA,0.18126874026603,0.270710106361314,0.235302182641723,0,0,1,1,0,0
45064,19,"Mason Schreck",1.46894565198272,NA,NA,NA,1.26049569224382,0,1,0,1,1,1
45094,75,"Johnny Mundt",0.647401309621392,NA,NA,NA,0.918764522376452,0,1,0,1,1,1
45102,59,"Zach Pascal",-0.0919885985038055,-0.0725433952129187,0.364634261152056,0.0193364361686673,0.235302182641723,0,0,1,0,0,0
45185,126,"Kendrick Bourne",-0.543837986802537,0.842487989160897,-1.37733818726519,-0.483410904216627,-0.106428987225642,0,0,1,0,0,0
45186,37,"Matt Breida",-1.0778418093374,NA,NA,NA,-1.13162249682774,1,0,0,1,1,1
45280,39,"Cody Hollister",-0.297374684094138,NA,NA,NA,0.918764522376452,0,0,1,1,1,1
45339,70,"Pharaoh Brown",1.71540895469112,NA,NA,NA,1.60222686211118,0,1,0,1,1,1
45355,27,"Anthony Firkser",1.22248234927432,NA,NA,NA,0.235302182641723,0,1,0,1,1,1
45369,2,"Marcus Kemp",-0.256297466976072,NA,NA,NA,0.918764522376452,0,0,1,1,1,1
45507,7,"Tanner Gentry",-0.954610157983202,NA,NA,NA,-0.106428987225642,0,0,1,1,1,1
45555,80,"Keelan Cole",-0.913532940865136,NA,NA,NA,-0.106428987225642,0,0,1,1,1,1
45573,183,"Austin Ekeler",-0.667069638156737,NA,NA,NA,-1.13162249682774,1,0,0,1,1,1
45635,184,"Robert Tonyan",0.852787395211725,NA,NA,NA,1.26049569224382,0,1,0,1,1,1
45719,7,"Dare Ogunbowale",-0.461683552566404,0.631326900459251,-0.185462301506023,0.333553523909475,-1.13162249682774,1,0,0,0,0,0
45785,38,"Dan Arnold",0.154474704204594,NA,NA,NA,1.60222686211118,0,1,0,1,1,1
45900,46,"River Cracraft",-0.667069638156737,NA,NA,NA,-0.448160157093007,0,0,1,1,1,1
46071,154,"Saquon Barkley",0.688478526739459,-1.12834883872116,NA,-0.29488065157214,-0.789891326960371,1,0,0,0,1,0
46093,255,"D.J. Moore",-0.050911381385739,-0.987574779586734,-0.368827822392049,-1.36321874989089,-0.789891326960371,0,0,1,0,0,0
46094,242,"Hayden Hurst",1.18140513215626,0.772100959593682,0.731365302924109,0.522083776553961,0.918764522376452,0,1,0,0,0,0
46096,62,"Rashaad Penny",0.154474704204594,-0.706026661317868,NA,NA,-0.789891326960371,1,0,0,0,1,1
46100,47,"Sony Michel",-0.050911381385739,-0.142930424780134,NA,-0.483410904216627,-0.789891326960371,1,0,0,0,1,0
46104,95,"Nick Chubb",0.359860789794926,-0.28370448391457,0.272951500709041,-0.23203723402398,-0.789891326960371,1,0,0,0,0,0
46109,277,"Courtland Sutton",-0.00983416426767243,-0.142930424780134,-2.1108002708093,-1.11184507969824,0.918764522376452,0,0,1,0,0,0
46111,196,"Mike Gesicki",1.46894565198272,-0.142930424780134,-1.23981404660068,-1.17468849724641,1.60222686211118,0,1,0,0,0,0
46113,117,"Dante Pettis",-0.872455723747069,NA,NA,NA,-0.106428987225642,0,0,1,1,1,1
46116,285,"Christian Kirk",-0.667069638156737,-0.635639631750652,0.272951500709041,1.02483111693925,-0.789891326960371,0,0,1,0,0,0
46118,200,"Dallas Goedert",1.63325452045499,NA,NA,NA,1.26049569224382,0,1,0,1,1,1
46130,99,"D.J. Chark",-0.74922407239287,-1.55067101612447,NA,NA,0.918764522376452,0,0,1,0,1,1
46150,114,"Michael Gallup",-0.667069638156737,-0.354091513481786,-0.368827822392049,0.522083776553961,-0.106428987225642,0,0,1,0,0,0
46155,198,"Mark Andrews",1.59217730333692,0.772100959593682,1.4189860062467,0.584927194102121,1.26049569224382,0,1,0,0,0,0
46160,142,"Tre'Quan Smith",-0.256297466976072,-0.494865572616216,-0.277145061949038,1.33904820468006,0.235302182641723,0,0,1,0,0,0
46167,71,"Jordan Akins",1.09925069792012,NA,NA,NA,0.918764522376452,0,1,0,1,1,1
46170,82,"Ian Thomas",1.79756338892725,1.2648101665642,0.547999782038082,-0.546254321764787,0.577033352509088,0,1,0,0,0,0
46172,1,"Keke Coutee",-1.48861398051807,-0.917187750019519,-0.460510582835065,-0.860471409505594,-0.789891326960371,0,0,1,0,0,0
46173,86,"Nyheim Hines",-0.74922407239287,-1.2691228978556,0.685523922702599,0.396396941457635,-1.4733536666951,1,0,0,0,0,0
46189,119,"Will Dissly",2.08510390875372,2.17984155093802,0.18126874026603,0.710614029198448,0.918764522376452,0,1,0,0,0,0
46192,69,"Durham Smythe",1.79756338892725,1.75751937353471,0.639682542481094,-0.3577240691203,1.60222686211118,0,1,0,0,0,0
46203,104,"Chase Edmonds",-0.256297466976072,-0.0725433952129187,-1.10228990593615,-1.36321874989089,-1.4733536666951,1,0,0,0,0,0
46206,120,"Dalton Schultz",1.05817348080206,1.33519719613142,-0.139620921284518,0.710614029198448,1.26049569224382,0,1,0,0,0,0
46213,63,"Justin Watson",-0.050911381385739,NA,NA,NA,0.577033352509088,0,0,1,1,1,1
46226,225,"Tyler Conklin",1.55110008621886,1.6871323439675,0.456317021595067,-0.3577240691203,0.577033352509088,0,1,0,0,0,0
46238,12,"Jordan Wilkins",0.0312430528503941,NA,NA,-0.106350398927659,-0.106428987225642,1,0,0,1,1,0
46243,272,"Marquez Valdes-Scantling",-0.379529118330271,-1.33950992742282,NA,NA,0.918764522376452,0,0,1,0,1,1
46256,82,"Ray-Ray McCloud",-1.0778418093374,-0.213317454347349,NA,NA,-1.4733536666951,0,0,1,0,1,1
46263,208,"Russell Gage",-1.3243051120458,NA,NA,NA,-0.448160157093007,0,0,1,1,1,1
46270,22,"Boston Scott",-0.543837986802537,NA,NA,NA,-2.4985471762972,1,0,0,1,1,1
46276,144,"Equanimeous St. Brown",-0.0919885985038055,-0.565252602183431,NA,NA,1.26049569224382,0,0,1,0,1,1
46277,76,"Cedrick Wilson",-1.15999624357354,-0.0725433952129187,-0.643876103721091,-0.3577240691203,1.26049569224382,0,0,1,0,0,0
46279,118,"Braxton Berrios",-1.0778418093374,NA,NA,NA,-1.4733536666951,0,0,1,1,1,1
46293,4,"Javon Wims",0.19555192132266,-0.213317454347349,-0.139620921284518,NA,0.235302182641723,0,0,1,0,0,1
46309,121,"Richie James",-1.28322789492773,-0.565252602183431,-0.735558864164102,-0.797627991957434,-1.4733536666951,0,0,1,0,0,0
46320,25,"Justin Jackson",-0.667069638156737,-0.28370448391457,-1.01060714549314,-1.36321874989089,-0.448160157093007,1,0,0,0,0,0
46331,42,"Ross Dwelley",0.976019046565924,NA,NA,NA,1.26049569224382,0,1,0,1,1,1
46362,134,"Cam Sims",-0.0919885985038055,NA,NA,NA,1.26049569224382,0,0,1,1,1,1
46367,24,"Phillip Lindsay",-1.0778418093374,NA,NA,NA,-1.81508483656247,1,0,0,1,1,1
46377,110,"Jeffery Wilson",-0.913532940865136,NA,NA,NA,-0.448160157093007,1,0,0,1,1,1
46437,6,"Gus Edwards",0.893864612329791,NA,NA,NA,-0.106428987225642,1,0,0,1,1,1
46446,6,"Kevin Rader",1.38679121774659,NA,NA,NA,0.918764522376452,0,1,0,1,1,1
46461,57,"Mike Boone",-0.461683552566404,NA,NA,NA,-1.13162249682774,1,0,0,1,1,1
46506,55,"Dontrell Hilliard",-0.584915203920604,NA,NA,NA,-0.789891326960371,1,0,0,1,1,1
46522,8,"Byron Pringle",-0.461683552566404,-0.706026661317868,-0.735558864164102,0.710614029198448,-0.106428987225642,0,0,1,0,0,0
46526,47,"Darrel Williams",0.31878357267686,1.12403610742976,NA,-0.483410904216627,-0.789891326960371,1,0,0,0,1,0
46542,31,"Keith Kirkwood",-0.256297466976072,NA,NA,NA,0.577033352509088,0,0,1,1,1,1
46671,196,"Trent Sherfield",0.113397487086527,NA,NA,NA,-0.106428987225642,0,0,1,1,1,1
46705,224,"Allen Lazard",0.442015224031059,-0.0725433952129187,NA,NA,1.26049569224382,0,0,1,0,1,1
46797,103,"Tanner Hudson",0.934941829447858,NA,NA,NA,1.26049569224382,0,1,0,1,1,1
46830,38,"Brandon Powell",-1.11891902645547,NA,NA,NA,-1.81508483656247,0,0,1,1,1,1
46992,38,"KhaDarel Hodge",-0.461683552566404,NA,NA,NA,0.235302182641723,0,0,1,1,1,1
47605,7,"D'Ernest Johnson",-0.338451901212205,NA,NA,NA,-1.13162249682774,1,0,0,1,1,1
47791,223,"T.J. Hockenson",1.30463678351046,0.983262048295333,-0.0479381608415063,-0.671941156861113,1.26049569224382,0,1,0,0,0,0
47803,149,"Noah Fant",1.34571400062852,-0.424478543049001,-1.01060714549314,-0.420567486668466,0.918764522376452,0,1,0,0,0,0
47807,145,"Josh Jacobs",0.154474704204594,NA,NA,NA,-1.13162249682774,1,0,0,1,1,1
47808,238,"Marquise Brown",-1.89938615169873,NA,NA,NA,-1.4733536666951,0,0,1,1,1,1
47815,29,"N'Keal Harry",0.359860789794926,-0.213317454347349,NA,NA,0.918764522376452,0,0,1,0,1,1
47819,197,"Deebo Samuel",-0.0919885985038055,-0.565252602183431,-0.00209678061999669,-0.92331482705376,-0.789891326960371,0,0,1,0,0,0
47833,150,"Irv Smith",0.976019046565924,0.490552841324815,1.32730324580369,0.270710106361314,0.235302182641723,0,1,0,0,0,0
47834,224,"A.J. Brown",0.400938006912993,-0.494865572616216,NA,NA,-0.448160157093007,0,0,1,0,1,1
47835,8,"Drew Sample",1.75648617180919,1.05364907786255,0.547999782038082,0.145023271264988,0.918764522376452,0,1,0,0,0,0
47836,120,"Miles Sanders",-0.215220249858005,-0.494865572616216,-0.643876103721091,-0.609097739312947,-0.789891326960371,1,0,0,0,0,0
47839,184,"Mecole Hardman",-1.2010734606916,-1.62105804569168,NA,NA,-1.13162249682774,0,0,1,0,1,1
47842,325,"Parris Campbell",-0.461683552566404,-1.76183210482612,NA,-1.61459242008353,-0.448160157093007,0,0,1,0,1,0
47845,41,"Andy Isabella",-1.0778418093374,-1.76183210482612,-0.368827822392049,-0.860471409505594,-1.4733536666951,0,0,1,0,0,0
47847,218,"DK Metcalf",0.565246875385259,-1.62105804569168,1.60235152713273,1.33904820468006,0.918764522376452,0,0,1,0,0,0
47849,288,"Diontae Johnson",-1.4475367634,-0.213317454347349,0.272951500709041,1.02483111693925,-1.13162249682774,0,0,1,0,0,0
47852,63,"Josh Oliver",1.38679121774659,0.490552841324815,0.82304806336712,1.15051795203558,1.26049569224382,0,1,0,0,0,0
47853,153,"Darrell Henderson",-0.667069638156737,-0.494865572616216,NA,NA,-1.81508483656247,1,0,0,0,1,1
47856,106,"David Montgomery",0.236629138440727,0.490552841324815,NA,NA,-1.13162249682774,1,0,0,0,1,1
47857,159,"Devin Singletary",-0.543837986802537,0.701713930026467,1.32730324580369,0.710614029198448,-2.15681600642983,1,0,0,0,0,0
47859,317,"Terry McLaurin",-0.256297466976072,-1.48028398655725,-0.0937795410630119,-0.860471409505594,-0.448160157093007,0,0,1,0,0,0
47870,49,"Damien Harris",-0.050911381385739,0.0682306639215178,NA,NA,-0.789891326960371,1,0,0,0,1,1
47876,12,"Miles Boykin",0.154474704204594,-0.987574779586734,-1.19397266637917,-1.36321874989089,0.918764522376452,0,0,1,0,0,0
47879,176,"Dawson Knox",1.55110008621886,NA,0.410475641373562,-0.106350398927659,0.918764522376452,0,1,0,1,0,0
47885,77,"Alexander Mattison",0.154474704204594,0.772100959593682,0.456317021595067,0.0193364361686673,-0.789891326960371,1,0,0,0,0,0
47896,50,"Justice Hill",-0.667069638156737,-1.12834883872116,NA,NA,-1.13162249682774,1,0,0,0,1,1
47904,23,"Trevon Wesco",2.08510390875372,2.32061561007245,0.685523922702599,0.584927194102121,0.577033352509088,0,1,0,0,0,0
47911,82,"Tony Pollard",-0.297374684094138,-0.28370448391457,NA,NA,-0.448160157093007,1,0,0,0,1,1
47920,128,"Foster Moreau",1.38679121774659,0.701713930026467,0.593841162259588,-1.11184507969824,0.918764522376452,0,1,0,0,0,0
47924,73,"Zach Gentry",2.00294947451759,2.39100263963967,1.69403428757575,1.52757845732455,2.28568920184591,0,1,0,0,0,0
47932,179,"Hunter Renfrow",-1.28322789492773,0.209004723055948,-1.05644852571465,-0.609097739312947,-1.13162249682774,0,0,1,0,0,0
47954,106,"Darius Slayton",-1.0778418093374,-1.19873586828839,-0.139620921284518,-0.860471409505594,-0.106428987225642,0,0,1,0,0,0
47969,22,"Ty Johnson",-0.256297466976072,NA,NA,NA,-1.13162249682774,1,0,0,1,1,1
47970,23,"Juwann Winfree",-0.050911381385739,NA,NA,NA,0.577033352509088,0,0,1,1,1,1
47987,26,"Travis Homer",-0.584915203920604,-0.565252602183431,0.18126874026603,0.145023271264988,-1.13162249682774,1,0,0,0,0,0
47991,133,"Scott Miller",-1.73507728322647,NA,NA,NA,-0.789891326960371,0,0,1,1,1,1
48011,12,"Tommy Sweeney",1.42786843486466,1.89829343266915,NA,NA,1.26049569224382,0,1,0,0,1,1
48017,9,"Myles Gaskin",-0.667069638156737,0.138617693488733,0.731365302924109,-0.106350398927659,-1.13162249682774,1,0,0,0,0,0
48051,10,"Steven Sims",-1.65292284899033,NA,NA,NA,-1.13162249682774,0,0,1,1,1,1
48097,202,"Jakobi Meyers",-0.667069638156737,0.490552841324815,0.18126874026603,-0.3577240691203,0.235302182641723,0,0,1,0,0,0
48118,59,"Ashton Dulin",-0.050911381385739,-0.917187750019519,-0.139620921284518,-0.420567486668466,-0.106428987225642,0,0,1,0,0,0
48119,3,"Penny Hart",-1.48861398051807,NA,NA,NA,-1.81508483656247,0,0,1,1,1,1
48318,1,"Devine Ozigbo",0.359860789794926,NA,NA,NA,-0.448160157093007,1,0,0,1,1,1
48374,146,"Olamide Zaccheaus",-0.954610157983202,NA,NA,NA,-1.81508483656247,0,0,1,1,1,1
48415,14,"Deonte Harty",-1.89938615169873,NA,NA,NA,-2.4985471762972,0,0,1,1,1,1
48456,12,"Donald Parham",0.852787395211725,NA,NA,NA,2.28568920184591,0,1,0,1,1,1
48471,37,"Trenton Irwin",-0.379529118330271,NA,NA,NA,0.235302182641723,0,0,1,1,1,1
48475,34,"Chris Myarick",1.59217730333692,NA,NA,NA,1.26049569224382,0,1,0,1,1,1
48489,102,"David Sills",-0.256297466976072,1.33519719613142,2.15244808979081,1.90463896261352,0.577033352509088,0,0,1,0,0,0
48489,102,"David Sills",-0.256297466976072,0.0682306639215178,-0.277145061949038,-0.043506981379493,0.577033352509088,0,0,1,0,0,0
48530,9,"Stanley Morgan",-0.461683552566404,-0.213317454347349,-1.14813128615766,-0.98615824460192,-0.448160157093007,0,0,1,0,0,0
48541,38,"Lil'Jordan Humphrey",0.359860789794926,1.33519719613142,0.272951500709041,0.0193364361686673,0.918764522376452,0,0,1,0,0,0
48556,17,"Jalen Guyton",-0.174143032739939,NA,NA,NA,-0.106428987225642,0,0,1,1,1,1
48576,31,"Jason Moore",-0.050911381385739,0.279391752623163,-2.15664165103081,-1.55174900253537,0.577033352509088,0,0,1,0,0,0
48576,31,"Jason Moore",-0.050911381385739,NA,NA,NA,0.577033352509088,0,0,1,1,1,1
48601,14,"Tyron Johnson",-0.954610157983202,NA,NA,NA,-0.106428987225642,0,0,1,1,1,1
48646,169,"Greg Dortch",-1.77615450034453,NA,NA,NA,-2.15681600642983,0,0,1,1,1,1
48657,49,"Jeff Smith",-0.872455723747069,NA,NA,NA,-0.106428987225642,0,0,1,1,1,1
48680,84,"Tom Kennedy",-0.913532940865136,NA,NA,NA,-1.13162249682774,0,0,1,1,1,1
48683,56,"Joseph Fortson",0.565246875385259,NA,NA,NA,1.60222686211118,0,1,0,1,1,1
48700,21,"Jesper Horsted",0.852787395211725,NA,NA,NA,0.577033352509088,0,1,0,1,1,1
48707,46,"Craig Reynolds",-0.050911381385739,NA,NA,NA,-0.789891326960371,1,0,0,1,1,1
48723,71,"Parker Hesse",1.83864060604532,NA,NA,NA,0.577033352509088,0,1,0,1,1,1
48766,10,"Kendall Blanton",1.79756338892725,2.74293778747575,1.55651014691123,0.836300864294768,1.60222686211118,0,1,0,0,0,0
48988,7,"Gunner Olszewski",-1.0778418093374,NA,NA,NA,-0.448160157093007,0,0,1,1,1,1
52423,235,"Jerry Jeudy",-0.995687375101269,-0.776413690885083,NA,1.52757845732455,-0.106428987225642,0,0,1,0,1,0
52425,231,"CeeDee Lamb",-1.11891902645547,-0.424478543049001,NA,NA,0.235302182641723,0,0,1,0,1,1
52429,15,"Jalen Reagor",-0.872455723747069,-0.635639631750652,1.28146186558218,1.08767453448742,-0.789891326960371,0,0,1,0,0,0
52430,302,"Justin Jefferson",-0.995687375101269,-0.917187750019519,NA,NA,0.577033352509088,0,0,1,0,1,1
52433,236,"Brandon Aiyuk",-0.420606335448338,-0.424478543049001,NA,NA,-0.106428987225642,0,0,1,0,1,1
52440,111,"Clyde Edwards-Helaire",-0.297374684094138,0.279391752623163,NA,NA,-1.81508483656247,1,0,0,0,1,1
52441,259,"Tee Higgins",-0.256297466976072,NA,NA,NA,0.918764522376452,0,0,1,1,1,1
52442,326,"Michael Pittman",0.154474704204594,-0.28370448391457,-0.322986442170544,-0.92331482705376,0.918764522376452,0,0,1,0,0,0
52443,92,"D'Andre Swift",-0.215220249858005,-0.565252602183431,NA,NA,-1.13162249682774,1,0,0,0,1,1
52449,121,"Jonathan Taylor",0.19555192132266,-1.19873586828839,-0.0937795410630119,-0.29488065157214,-0.789891326960371,1,0,0,0,0,0
52450,18,"Laviska Shenault",0.154474704204594,NA,NA,NA,0.235302182641723,0,0,1,1,1,1
52451,172,"Cole Kmet",1.71540895469112,0.983262048295333,1.87739980846177,0.773457446746608,1.60222686211118,0,1,0,0,0,0
52454,140,"K.J. Hamler",-1.65292284899033,NA,NA,NA,-1.4733536666951,0,0,1,1,1,1
52457,285,"Chase Claypool",0.442015224031059,-0.987574779586734,NA,NA,0.918764522376452,0,0,1,0,1,1
52460,42,"Cam Akers",-0.174143032739939,-0.635639631750652,NA,0.836300864294768,-0.789891326960371,1,0,0,0,1,0
52463,38,"J.K. Dobbins",-0.0919885985038055,NA,NA,NA,-1.13162249682774,1,0,0,1,1,1
52465,38,"Van Jefferson",-0.790301289510936,NA,NA,NA,0.235302182641723,0,0,1,1,1,1
52467,67,"Denzel Mims",-0.338451901212205,-1.2691228978556,-1.69822784881574,0.899144281842929,0.577033352509088,0,0,1,0,0,0
52470,136,"A.J. Dillon",1.38679121774659,-0.213317454347349,0.731365302924109,NA,-0.106428987225642,1,0,0,0,0,1
52474,115,"Antonio Gibson",0.19555192132266,-1.19873586828839,NA,NA,0.235302182641723,1,0,0,0,1,1
52484,1,"Ke'Shawn Vaughn",-0.050911381385739,-0.354091513481786,NA,NA,-1.13162249682774,1,0,0,0,1,1
52488,3,"Lynn Bowden",-0.62599242103867,NA,NA,NA,-0.448160157093007,0,0,1,1,1,1
52489,43,"Bryan Edwards",-0.050911381385739,NA,NA,NA,0.577033352509088,0,0,1,1,1,1
52494,33,"Zack Moss",-0.050911381385739,0.631326900459251,NA,0.522083776553961,-1.13162249682774,1,0,0,0,1,0
52499,10,"Devin Asiasi",1.79756338892725,1.19442313699699,NA,NA,0.577033352509088,0,1,0,0,1,1
52500,184,"Devin Duvernay",-0.256297466976072,-1.19873586828839,0.456317021595067,-0.546254321764787,-0.789891326960371,0,0,1,0,0,0
52502,55,"Josiah Deguara",0.976019046565924,1.12403610742976,0.547999782038082,0.396396941457635,0.577033352509088,0,1,0,0,0,0
52513,58,"Adam Trautman",1.51002286910079,1.6871323439675,-1.14813128615766,-0.106350398927659,1.60222686211118,0,1,0,0,0,0
52520,49,"Joshua Kelley",0.113397487086527,-0.494865572616216,-0.368827822392049,-0.043506981379493,-0.789891326960371,1,0,0,0,0,0
52523,115,"Harrison Bryant",0.976019046565924,1.19442313699699,1.73987566779725,0.522083776553961,1.26049569224382,0,1,0,0,0,0
52526,84,"Albert Okwuegbunam",1.59217730333692,-0.494865572616216,NA,NA,1.26049569224382,0,1,0,0,1,1
52536,237,"Gabe Davis",-0.133065815621872,NA,NA,NA,0.577033352509088,0,0,1,1,1,1
52541,69,"Colby Parkinson",1.42786843486466,1.47597125526585,0.547999782038082,1.08767453448742,1.94395803197855,0,1,0,0,0,0
52544,18,"Brycen Hopkins",1.18140513215626,0.701713930026467,1.00641358425315,-0.043506981379493,1.26049569224382,0,1,0,0,0,0
52552,42,"DeeJay Dallas",-0.0919885985038055,0.138617693488733,0.685523922702599,0.207866688813154,-1.13162249682774,1,0,0,0,0,0
52569,13,"Tyler Johnson",-0.461683552566404,NA,NA,NA,0.235302182641723,0,0,1,1,1,1
52574,18,"Quintez Cephus",-0.461683552566404,1.19442313699699,0.777206683145614,0.270710106361314,-0.106428987225642,0,0,1,0,0,0
52581,194,"Darnell Mooney",-1.8172317174626,-1.2691228978556,NA,NA,-0.789891326960371,0,0,1,0,1,1
52584,245,"K.J. Osborn",-0.667069638156737,-0.565252602183431,-0.139620921284518,0.396396941457635,-0.448160157093007,0,0,1,0,0,0
52595,223,"Donovan Peoples-Jones",-0.338451901212205,-0.565252602183431,NA,NA,0.235302182641723,0,0,1,0,1,1
52598,33,"Charlie Woerner",1.18140513215626,1.54635828483307,0.685523922702599,1.08767453448742,1.26049569224382,0,1,0,0,0,0
52608,158,"Quez Watkins",-1.0778418093374,-1.48028398655725,1.14393772491767,0.459240359005801,0.235302182641723,0,0,1,0,0,0
52609,62,"James Proche",-0.954610157983202,NA,1.09809634469616,0.710614029198448,-0.448160157093007,0,0,1,1,0,0
52614,28,"Tyler Davis",1.38679121774659,NA,NA,NA,0.918764522376452,0,1,0,1,1,1
52615,8,"Isaiah Hodgins",-0.297374684094138,0.349778782190385,-0.0937795410630119,-1.04900166215008,0.918764522376452,0,0,1,0,0,0
52620,14,"Dezmon Patmon",0.154474704204594,-0.565252602183431,1.14393772491767,0.584927194102121,0.918764522376452,0,0,1,0,0,0
52625,108,"Jauan Jennings",-0.0919885985038055,1.12403610742976,NA,NA,0.577033352509088,0,0,1,0,1,1
52630,152,"Eno Benjamin",-0.256297466976072,0.0682306639215178,-0.277145061949038,-0.23203723402398,-1.13162249682774,1,0,0,0,0,0
52659,13,"Stephen Sullivan",1.05817348080206,0.701713930026467,2.19828947001232,2.093169215258,1.26049569224382,0,1,0,0,0,0
52660,23,"Tyrie Cleveland",-0.461683552566404,-0.706026661317868,NA,NA,0.235302182641723,0,0,1,0,1,1
52673,58,"Mitchell Wilcox",1.18140513215626,2.25022858050523,1.55651014691123,0.899144281842929,0.918764522376452,0,1,0,0,0,0
52708,28,"Jamycal Hasty",-0.461683552566404,-0.0725433952129187,NA,-1.61459242008353,-1.4733536666951,1,0,0,0,1,0
52725,6,"Ben Ellefson",1.38679121774659,NA,NA,NA,0.577033352509088,0,1,0,1,1,1
52733,93,"James Robinson",0.154474704204594,0.56093987089203,-0.00209678061999669,-0.609097739312947,-1.13162249682774,1,0,0,0,0,0
52762,26,"Tony Jones",0.359860789794926,0.842487989160897,0.685523922702599,-0.483410904216627,-0.789891326960371,1,0,0,0,0,0
52766,74,"Kendall Hinton",-0.872455723747069,0.4201658117576,NA,0.584927194102121,-0.448160157093007,0,0,1,0,1,0
52778,37,"Andre Baccellia",-1.6940000661084,NA,NA,NA,-1.13162249682774,0,0,1,1,1,1
52858,45,"Giovanni Ricci",0.976019046565924,NA,NA,NA,0.577033352509088,0,1,0,1,1,1
52875,1,"Patrick Taylor",0.277706355558793,0.0682306639215178,NA,0.333553523909475,0.577033352509088,1,0,0,0,1,0
52907,3,"Noah Togiai",1.22248234927432,NA,NA,NA,0.918764522376452,0,1,0,1,1,1
52922,1,"Salvon Ahmed",-0.831378506629003,0.4201658117576,NA,NA,-0.789891326960371,1,0,0,0,1,1
52934,7,"Sean McKeon",1.22248234927432,NA,NA,NA,1.26049569224382,0,1,0,1,1,1
52942,226,"Juwan Johnson",0.606324092503325,0.138617693488733,-0.414669202613555,0.522083776553961,0.918764522376452,0,1,0,0,0,0
53000,5,"J.J. Taylor",-1.28322789492773,0.349778782190385,-0.139620921284518,-0.860471409505594,-2.4985471762972,1,0,0,0,0,0
53047,8,"Lawrence Cager",0.154474704204594,NA,NA,NA,1.26049569224382,0,1,0,1,1,1
53068,9,"Mason Kinsey",-0.872455723747069,NA,NA,NA,-0.448160157093007,0,0,1,1,1,1
53074,135,"Nick Westbrook-Ikhine",-0.050911381385739,NA,NA,NA,0.577033352509088,0,0,1,1,1,1
53098,165,"Marquez Callaway",-0.502760769684471,-0.0725433952129187,NA,NA,0.235302182641723,0,0,1,0,1,1
53117,12,"Kavontae Turpin",-2.59769884270586,NA,NA,NA,-1.4733536666951,0,0,1,1,1,1
53244,81,"Michael Bandy",-1.0778418093374,NA,NA,NA,-1.13162249682774,0,0,1,1,1,1
53433,146,"Kyle Pitts",1.38679121774659,-0.846800720452298,0.410475641373562,0.0821798537168276,1.60222686211118,0,1,0,0,0,0
53434,272,"Ja'Marr Chase",-0.667069638156737,-1.55067101612447,-0.322986442170544,-1.86596609027618,-0.106428987225642,0,0,1,0,0,0
53435,270,"Jaylen Waddle",-1.40645954628193,NA,NA,NA,-1.13162249682774,0,0,1,1,1,1
53439,238,"DeVonta Smith",-2.10477223728906,NA,NA,NA,-0.106428987225642,0,0,1,1,1,1
53449,21,"Kadarius Toney",-0.954610157983202,-1.19873586828839,-0.689717483942597,-0.23203723402398,-0.448160157093007,0,0,1,0,0,0
53453,137,"Najee Harris",0.565246875385259,NA,NA,NA,0.235302182641723,1,0,0,1,1,1
53454,138,"Travis Etienne",-0.667069638156737,-0.776413690885083,NA,NA,-1.13162249682774,1,0,0,0,1,1
53456,106,"Rashod Bateman",-0.256297466976072,-1.19873586828839,NA,NA,0.235302182641723,0,0,1,0,1,1
53463,229,"Elijah Moore",-1.3243051120458,-1.48028398655725,-1.83575198948026,-1.36321874989089,-1.4733536666951,0,0,1,0,0,0
53464,65,"Javonte Williams",0.154474704204594,-0.0725433952129187,-0.277145061949038,-1.23753191479457,-1.13162249682774,1,0,0,0,0,0
53478,203,"Rondale Moore",-1.48861398051807,-1.97299319352777,-1.74406922903725,-1.42606216743905,-1.4733536666951,0,0,1,0,0,0
53484,180,"Pat Freiermuth",1.71540895469112,NA,NA,NA,1.26049569224382,0,1,0,1,1,1
53485,79,"D'Wayne Eskridge",-1.0778418093374,-1.2691228978556,-0.460510582835065,-0.420567486668466,-1.4733536666951,0,0,1,0,0,0
53486,19,"Tutu Atwell",-2.59769884270586,-0.987574779586734,-0.643876103721091,-0.92331482705376,-1.4733536666951,0,0,1,0,0,0
53488,114,"Terrace Marshall",-0.667069638156737,NA,NA,NA,0.918764522376452,0,0,1,1,1,1
53506,251,"Josh Palmer",-0.256297466976072,NA,NA,NA,0.235302182641723,0,0,1,1,1,1
53510,15,"Hunter Long",1.51002286910079,NA,NA,NA,1.26049569224382,0,1,0,1,1,1
53511,51,"Dyami Brown",-1.28322789492773,-0.706026661317868,-0.735558864164102,0.396396941457635,-0.106428987225642,0,0,1,0,0,0
53512,120,"Tommy Tremble",1.30463678351046,0.279391752623163,NA,NA,0.918764522376452,0,1,0,0,1,1
53514,53,"Amari Rodgers",-0.050911381385739,-0.28370448391457,0.18126874026603,0.145023271264988,-1.13162249682774,0,0,1,0,0,0
53517,4,"Trey Sermon",-0.050911381385739,0.0682306639215178,-0.918924385050129,-0.043506981379493,-0.106428987225642,1,0,0,0,0,0
53518,145,"Nico Collins",0.236629138440727,-0.917187750019519,-1.14813128615766,0.0193364361686673,0.918764522376452,0,0,1,0,0,0
53520,34,"Anthony Schwartz",-1.52969119763613,-2.04338022309499,0.456317021595067,-0.23203723402398,-0.448160157093007,0,0,1,0,0,0
53526,89,"Tre' McKitty",1.18140513215626,NA,NA,NA,1.26049569224382,0,1,0,1,1,1
53536,136,"Michael Carter",-0.667069638156737,-0.424478543049001,-1.01060714549314,-1.92880950782435,-1.13162249682774,1,0,0,0,0,0
53538,2,"Dez Fitzpatrick",-0.584915203920604,-0.917187750019519,0.272951500709041,-0.169193816475819,0.235302182641723,0,0,1,0,0,0
53541,176,"Amon-Ra St. Brown",-0.872455723747069,-0.354091513481786,-0.689717483942597,-0.734784574409273,-0.106428987225642,0,0,1,0,0,0
53549,143,"Rhamondre Stevenson",1.22248234927432,0.56093987089203,0.272951500709041,-0.860471409505594,-0.448160157093007,1,0,0,0,0,0
53553,68,"John Bates",1.63325452045499,1.96868046223636,-0.827241624607117,0.396396941457635,1.60222686211118,0,1,0,0,0,0
53555,23,"Chuba Hubbard",-0.379529118330271,-0.565252602183431,0.960572204031641,-0.169193816475819,-0.106428987225642,1,0,0,0,0,0
53556,145,"Kylen Granson",0.770632960975592,NA,NA,NA,0.577033352509088,0,1,0,1,1,1
53558,32,"Jaelon Darden",-1.73507728322647,-0.635639631750652,-1.69822784881574,-1.92880950782435,-1.4733536666951,0,0,1,0,0,0
53560,26,"Tylan Wallace",-1.0778418093374,-0.565252602183431,-0.277145061949038,-0.23203723402398,-0.448160157093007,0,0,1,0,0,0
53574,6,"Luke Farrell",1.71540895469112,1.61674531440028,0.502158401816573,0.459240359005801,1.60222686211118,0,1,0,0,0,0
53576,81,"Brevin Jordan",1.18140513215626,0.56093987089203,NA,NA,0.577033352509088,0,1,0,0,1,1
53579,62,"Kenneth Gainwell",-1.03676459221934,-0.987574779586734,NA,NA,-0.789891326960371,1,0,0,0,1,1
53586,23,"Ihmir Smith-Marsette",-1.52969119763613,-0.917187750019519,-0.139620921284518,-0.546254321764787,-0.106428987225642,0,0,1,0,0,0
53591,104,"Noah Gray",0.976019046565924,-0.0725433952129187,-0.918924385050129,0.522083776553961,0.918764522376452,0,1,0,0,0,0
53608,23,"Simi Fehoko",0.442015224031059,-0.846800720452298,-1.14813128615766,-0.169193816475819,0.918764522376452,0,0,1,0,0,0
53612,43,"Avery Williams",-0.872455723747069,NA,NA,NA,-1.4733536666951,1,0,0,1,1,1
53616,6,"Frank Darby",-0.667069638156737,-0.0021563656457036,0.0895859798230145,-0.23203723402398,-0.106428987225642,0,0,1,0,0,0
53623,4,"Elijah Mitchell",0.19555192132266,-1.2691228978556,-0.414669202613555,-0.609097739312947,-0.789891326960371,1,0,0,0,0,0
53625,4,"Gary Brightwell",0.0723202699684606,0.4201658117576,2.19828947001232,1.21336136958374,-0.106428987225642,1,0,0,0,0,0
53631,9,"Chris Evans",-0.00983416426767243,-0.424478543049001,-0.918924385050129,-1.04900166215008,-0.789891326960371,1,0,0,0,0,0
53633,187,"Shi Smith",-1.0778418093374,NA,NA,NA,-1.13162249682774,0,0,1,1,1,1
53638,3,"Jalen Camp",0.154474704204594,-0.565252602183431,-0.139620921284518,-0.92331482705376,0.235302182641723,0,0,1,0,0,0
53640,2,"Demetric Felton",-1.28322789492773,-0.0725433952129187,NA,NA,-1.4733536666951,1,0,0,0,1,1
53646,61,"Khalil Herbert",-0.174143032739939,-0.706026661317868,-0.322986442170544,0.145023271264988,-1.4733536666951,1,0,0,0,0,0
53658,70,"Mike Strachan",-0.461683552566404,NA,NA,NA,1.26049569224382,0,0,1,1,1,1
53678,227,"Ben Skowronek",0.154474704204594,NA,NA,NA,0.577033352509088,0,0,1,1,1,1
53687,30,"Dax Milne",-1.0778418093374,-0.142930424780134,NA,-0.609097739312947,-0.106428987225642,0,0,1,0,1,0
53703,66,"Deon Jackson",0.154474704204594,-1.05796180915395,0.547999782038082,0.522083776553961,-0.448160157093007,1,0,0,0,0,0
53707,32,"Tim Jones",-0.584915203920604,NA,NA,NA,-0.106428987225642,0,0,1,1,1,1
53732,3,"D.J. Turner",-0.461683552566404,NA,NA,NA,-1.4733536666951,0,0,1,1,1,1
53739,10,"Shane Zylstra",-0.050911381385739,NA,NA,NA,1.26049569224382,0,1,0,1,1,1
53746,13,"Spencer Brown",0.154474704204594,NA,NA,NA,-0.448160157093007,1,0,0,1,1,1
53855,68,"Quintin Morris",1.42786843486466,0.279391752623163,0.410475641373562,1.65326529242087,0.918764522376452,0,1,0,0,0,0
53897,8,"Miller Forristall",1.14032791503819,NA,NA,NA,1.26049569224382,0,1,0,1,1,1
53946,61,"Jack Stoll",1.79756338892725,0.279391752623163,-0.781400244385608,0.207866688813154,0.918764522376452,0,1,0,0,0,0
53959,59,"Brock Wright",1.59217730333692,0.4201658117576,1.09809634469616,-0.23203723402398,0.918764522376452,0,1,0,0,0,0
54038,17,"Feleipe Franks",1.18140513215626,NA,NA,NA,1.60222686211118,0,1,0,1,1,1
54042,21,"Caleb Huntley",0.524169658267192,NA,NA,NA,-1.13162249682774,1,0,0,1,1,1
54428,5,"Maurice Alexander",-1.48861398051807,NA,NA,NA,-0.789891326960371,0,0,1,1,1,1
54473,183,"Drake London",-0.256297466976072,NA,NA,NA,1.26049569224382,0,0,1,1,1,1
54475,254,"Garrett Wilson",-0.995687375101269,-1.2691228978556,NA,0.459240359005801,-0.448160157093007,0,0,1,0,1,0
54476,246,"Chris Olave",-1.28322789492773,-1.19873586828839,NA,NA,-0.106428987225642,0,0,1,0,1,1
54481,148,"Jahan Dotson",-1.40645954628193,-0.917187750019519,1.14393772491767,NA,-0.789891326960371,0,0,1,0,0,1
54483,66,"Treylon Burks",0.359860789794926,-0.0725433952129187,1.14393772491767,NA,0.577033352509088,0,0,1,0,0,1
54499,63,"Christian Watson",-0.338451901212205,-1.40989695699003,NA,NA,1.26049569224382,0,0,1,0,1,1
54501,102,"Breece Hall",0.154474704204594,-1.19873586828839,NA,NA,-0.106428987225642,1,0,0,0,1,1
54506,84,"Kenneth Walker",-0.256297466976072,-1.2691228978556,NA,NA,-1.13162249682774,1,0,0,0,1,1
54508,67,"Wan'Dale Robinson",-1.28322789492773,-0.846800720452298,NA,NA,-0.789891326960371,0,0,1,0,1,1
54515,117,"Tyquan Thornton",-1.48861398051807,-1.97299319352777,NA,NA,0.577033352509088,0,0,1,0,1,1
54517,265,"George Pickens",-0.667069638156737,-0.635639631750652,NA,NA,0.577033352509088,0,0,1,0,1,1
54518,228,"Alec Pierce",-0.133065815621872,-1.05796180915395,0.456317021595067,-0.043506981379493,0.577033352509088,0,0,1,0,0,0
54519,73,"Skyy Moore",-0.872455723747069,-1.05796180915395,0.456317021595067,0.207866688813154,-1.13162249682774,0,0,1,0,0,0
54520,42,"Trey McBride",1.18140513215626,-1.05796180915395,-0.322986442170544,-1.30037533234273,0.577033352509088,0,1,0,0,0,0
54520,42,"Trey McBride",1.18140513215626,NA,NA,NA,0.577033352509088,0,1,0,1,1,1
54528,34,"James Cook",-1.0778418093374,-0.494865572616216,NA,NA,-0.789891326960371,1,0,0,0,1,1
54528,34,"James Cook",-1.0778418093374,-0.987574779586734,NA,NA,-0.789891326960371,1,0,0,0,1,1
54536,10,"Velus Jones",-0.667069638156737,-1.76183210482612,NA,NA,-0.448160157093007,0,0,1,0,1,1
54538,94,"Jelani Woods",2.00294947451759,0.349778782190385,NA,NA,1.94395803197855,0,1,0,0,1,1
54545,82,"Greg Dulcich",1.38679121774659,0.912875018728118,0.0895859798230145,0.522083776553961,0.918764522376452,0,1,0,0,0,0
54553,27,"Jalen Tolbert",-0.872455723747069,-0.494865572616216,0.227110120487535,NA,0.577033352509088,0,0,1,0,0,1
54556,101,"Rachaad White",-0.256297466976072,-0.565252602183431,NA,NA,0.235302182641723,1,0,0,0,1,1
54558,17,"Tyrion Davis-Price",0.277706355558793,-0.565252602183431,NA,NA,-0.106428987225642,1,0,0,0,1,1
54563,27,"Brian Robinson",0.483092441149126,-0.213317454347349,NA,NA,-0.106428987225642,1,0,0,0,1,1
54563,27,"Brian Robinson",0.483092441149126,-0.706026661317868,NA,NA,-0.106428987225642,1,0,0,0,1,1
54564,124,"David Bell",-0.461683552566404,0.983262048295333,-0.414669202613555,-0.483410904216627,0.235302182641723,0,0,1,0,0,0
54564,124,"David Bell",-0.461683552566404,1.33519719613142,2.15244808979081,1.90463896261352,0.235302182641723,0,0,1,0,0,0
54564,124,"David Bell",-0.461683552566404,0.631326900459251,0.502158401816573,1.7789521275172,0.235302182641723,0,0,1,0,0,0
54566,6,"Jeremy Ruckert",1.38679121774659,NA,NA,NA,1.26049569224382,0,1,0,1,1,1
54570,16,"Danny Gray",-0.708146855274803,-1.62105804569168,NA,NA,0.235302182641723,0,0,1,0,1,1
54571,212,"Cade Otton",1.38679121774659,NA,NA,NA,1.26049569224382,0,1,0,1,1,1
54572,88,"Dameon Pierce",-0.050911381385739,0.209004723055948,NA,NA,-1.13162249682774,1,0,0,0,1,1
54577,82,"Daniel Bellinger",1.59217730333692,0.490552841324815,0.0895859798230145,1.15051795203558,1.60222686211118,0,1,0,0,0,0
54587,6,"Zamir White",-0.050911381385739,-1.12834883872116,NA,NA,-0.448160157093007,1,0,0,0,1,1
54588,5,"Isaiah Spiller",-0.050911381385739,NA,NA,NA,-0.106428987225642,1,0,0,1,1,1
54592,2,"Pierre Strong",-0.461683552566404,-1.33950992742282,NA,NA,-0.789891326960371,1,0,0,0,1,1
54594,59,"Jake Ferguson",1.38679121774659,-0.776413690885083,1.00641358425315,1.90463896261352,1.26049569224382,0,1,0,0,0,0
54594,59,"Jake Ferguson",1.38679121774659,1.75751937353471,-0.00209678061999669,1.21336136958374,1.26049569224382,0,1,0,0,0,0
54596,17,"Hassan Haskins",0.154474704204594,NA,NA,NA,-0.106428987225642,1,0,0,1,1,1
54597,238,"Romeo Doubs",-0.667069638156737,NA,NA,NA,0.235302182641723,0,0,1,1,1,1
54604,128,"Isaiah Likely",0.976019046565924,NA,NA,1.7789521275172,0.918764522376452,0,1,0,1,1,0
54608,40,"Chigoziem Okonkwo",1.38679121774659,-0.28370448391457,NA,NA,0.577033352509088,0,1,0,0,1,1
54613,62,"Khalil Shakir",-1.0778418093374,-0.917187750019519,1.14393772491767,-0.483410904216627,-0.448160157093007,0,0,1,0,0,0
54614,53,"Cole Turner",0.976019046565924,1.40558422569863,0.13542736004452,0.773457446746608,1.60222686211118,0,1,0,0,0,0
54616,82,"Tyler Allgeier",0.154474704204594,0.279391752623163,NA,NA,-0.789891326960371,1,0,0,0,1,1
54627,23,"Montrell Washington",-1.89938615169873,NA,NA,NA,-1.13162249682774,0,0,1,1,1,1
54628,38,"Kyle Philips",-1.03676459221934,0.138617693488733,NA,NA,-0.789891326960371,0,0,1,0,1,1
54635,2,"Teagan Quitoriano",1.75648617180919,NA,NA,NA,1.60222686211118,0,1,0,1,1,1
54642,10,"James Mitchell",1.59217730333692,NA,NA,NA,0.577033352509088,0,1,0,1,1,1
54648,2,"Kevin Harris",0.154474704204594,NA,NA,NA,-1.13162249682774,1,0,0,1,1,1
54663,12,"Grant Calcaterra",0.19555192132266,0.4201658117576,NA,NA,0.918764522376452,0,1,0,0,1,1
54666,10,"Keaontay Ingram",-0.050911381385739,-0.213317454347349,NA,NA,-0.448160157093007,1,0,0,0,1,1
54667,23,"Mike Woods",-0.831378506629003,-0.0725433952129187,NA,NA,-0.106428987225642,0,0,1,0,1,1
54668,15,"Trestan Ebner",-0.461683552566404,-0.917187750019519,NA,NA,-1.13162249682774,1,0,0,0,1,1
54673,32,"Connor Heyward",0.565246875385259,1.12403610742976,NA,NA,-0.448160157093007,0,1,0,0,1,1
54683,26,"Ko Kieft",2.00294947451759,NA,NA,NA,1.26049569224382,0,1,0,1,1,1
54698,6,"Dareke Young",-0.256297466976072,NA,NA,NA,0.577033352509088,0,0,1,1,1,1
54716,41,"Isiah Pacheco",-0.050911381385739,-1.33950992742282,NA,NA,-0.789891326960371,1,0,0,0,1,1
54723,41,"Samori Toure",-1.0778418093374,NA,NA,NA,0.577033352509088,0,0,1,1,1,1
54725,18,"Zander Horvath",0.565246875385259,NA,NA,NA,0.577033352509088,1,0,0,1,1,1
54748,1,"Lance McCutcheon",-0.667069638156737,NA,NA,NA,0.577033352509088,0,0,1,1,1,1
54784,3,"Jake Tonges",0.976019046565924,NA,NA,NA,1.26049569224382,0,1,0,1,1,1
54810,2,"Britain Covey",-1.89938615169873,NA,NA,NA,-1.81508483656247,0,0,1,1,1,1
54846,52,"Armani Rogers",0.442015224031059,NA,NA,NA,1.26049569224382,0,1,0,1,1,1
54850,5,"Kyric McGowan",-0.667069638156737,NA,NA,NA,-1.13162249682774,0,0,1,1,1,1
54905,75,"Jaylen Warren",0.359860789794926,-0.0725433952129187,NA,NA,-1.81508483656247,1,0,0,0,1,1
54931,8,"Tanner Conner",0.277706355558793,NA,NA,NA,0.235302182641723,0,0,1,1,1,1
54938,6,"Braylon Sanders",-1.28322789492773,-0.565252602183431,NA,NA,-0.448160157093007,0,0,1,0,1,1
54979,1,"Ethan Fernea",-1.0778418093374,NA,NA,NA,-0.789891326960371,0,0,1,1,1,1
55014,15,"Raheem Blackshear",-0.913532940865136,NA,NA,NA,-1.4733536666951,1,0,0,1,1,1
55071,3,"Kaylon Geiger",-1.48861398051807,NA,NA,NA,-1.13162249682774,0,0,1,1,1,1
55112,1,"Tay Martin",-1.24215067780967,NA,NA,NA,0.577033352509088,0,0,1,1,1,1
55113,2,"Jordan Mason",0.0723202699684606,NA,NA,NA,-0.106428987225642,1,0,0,1,1,1
55133,27,"Rashid Shaheed",-1.48861398051807,NA,NA,NA,-0.448160157093007,0,0,1,1,1,1
55145,12,"Ronnie Rivers",-1.0778418093374,0.279391752623163,NA,NA,-1.81508483656247,1,0,0,0,1,1
55151,4,"Malik Davis",-0.379529118330271,NA,NA,NA,-1.13162249682774,1,0,0,1,1,1
55157,67,"Peyton Hendershot",1.18140513215626,1.6871323439675,NA,-0.23203723402398,0.918764522376452,0,1,0,0,1,0
55158,44,"Dennis Houston",-0.461683552566404,NA,NA,NA,0.235302182641723,0,0,1,1,1,1
55168,1,"Jared Bernhardt",-0.872455723747069,NA,NA,NA,-0.106428987225642,0,0,1,1,1,1
